b,bb,g,path,r
37.3715644261,-5.96908214241,33.6318240768,ANd9GcQ-6pQo9fg5S5QMcV8N8J54yYqrubYCWw-bq4-Da1Ku1hkEJEO3.jpg,70.6763411045
4.57591262026,-21.3889608156,-0.214116754227,ANd9GcQ-9q7fjHdCPVLZHzTvLPvtklacP7xAO82eCTM2EuOxEL4Sl3qpzg.jpg,52.6985371779
-2.30349383713,4.76078725157,-1.20055966284,ANd9GcQ-HRsM6J42Mc2BJaSFXbxIidQEep8bjhaHdn-xUCfw91f0MHtE.jpg,56.8946501501
0.00195881060576,-0.000256611976723,-0.000140385743709,ANd9GcQ-LMF6HugDQXa53SIoj6Vy-hc27j4ZGBnzYwO4gsCJIVSIPnXM.jpg,25.5478949824
12.4051443685,-11.4658618904,-0.412605210113,ANd9GcQ-QkSjvhAO2PUo4kqHvKKshorQFRMekpYD06BGTtdeCmejp6LZ.jpg,28.2132046377
7.72013277924,-6.84731951607,4.91607473461,ANd9GcQ-Y4lf0VySCfoago7CrpHOCl1LHcbHaB2BMf6UvUSkeV4dtoIKlA.jpg,41.4443646918
-45.1209732143,0.59648712311,-17.5736371679,ANd9GcQ-yIJezGGCylI2cGGcg9bwTOiVh9iz0mmqI6KVfsdZZqvzBSfQ.jpg,59.2956405105
-40.0630283861,-11.0143896306,-15.2733242523,ANd9GcQ03vCKUO0WH8yUmU3Pt8RFSXpREVrUva_vN7dZnRo5OIt6xoJw.jpg,49.3999805835
-18.1366467687,-13.2797930912,28.7287875212,ANd9GcQ0AS3ipXjOLQLuepakrKNUkyjUPNFVaQAkw0Pr_etYlw7lQRo3Lg.jpg,50.4921726247
32.6956331251,-12.7937382744,36.0721348346,ANd9GcQ0LcwKTh6gamDdTTGWPMDR6IITl-Ryw0DSNbwY0oDMmeUzjm0g.jpg,57.7448419533
9.77809815727,-13.3251867967,-13.9974854291,ANd9GcQ0p0VhR7dXlGVaCDrmjPiWolZXDzA9882JcLja6au0zCpRZLdv.jpg,35.2664203158
-0.821171757189,-4.61198584221,-1.70812841838,ANd9GcQ0sa93MklyNXW_oukodvV0P1-Wyl_bpOLmibpxxbYEkkl4_2Mc.jpg,57.1593522171
-8.18736212395,-16.8834842937,-7.36762416668,ANd9GcQ0VAnOVSM7Jt0rWfQAbKAzpmjhY_NRc4Wnsf8VsOG8HSB-dgYi.jpg,37.6827087911
-9.11674525627,-14.2106724251,-4.2124115465,ANd9GcQ0W4zSfC1L5XbzSup3sflvvu10z4CDiheIA39HHvAd6ZgcOmaTkQ.jpg,43.8743633325
-4.9055049573,-21.6469783797,-10.2380171557,ANd9GcQ0XNnCueBMO1yMQbMIEjA9yy0dnDGTCa1N1LQ-eyscY_louA-HuQ.jpg,46.3063335032
-7.66429918462,-13.4878344023,-2.96718635889,ANd9GcQ155gIdV-BHQ1aUxoTX32O2VFtJhHrYB-h5X1x4LjsMiqJR53LGQ.jpg,38.2317351585
-6.20218161087,-1.99259480374,-3.91751125615,ANd9GcQ1D4YUCLe5MCG4xd5iNJGh2f84w-oayS1Gwo4x_hWGthcKB3X9.jpg,49.331553839
6.37381952127,-13.4192214561,23.6072355743,ANd9GcQ1gxwA2R1cuEk3UGRu9KsEAak-byI_5fPo_ZiIeh2fvK2L442u.jpg,46.5008842306
-9.63892670596,-20.4271191105,-9.12787088848,ANd9GcQ1hvqTjojWKvUcifxEkFYwd20YJ370RpChBgdKQkZQoZdwf7B1dw.jpg,53.4935565845
-1.18980864403,-30.1908774615,-16.0434460676,ANd9GcQ1O55e0PJcYuSLDZMyl0sP2fja4OJWp09Z2l4mUK4s4LbZlx3F.jpg,56.9548346424
29.3867542437,-9.22839737898,31.2025350157,ANd9GcQ1Oc2K6e09gniWmIv3VCGK4nIgr950y3F4uYpyWvqHZrqvB-hC.jpg,36.6255695253
-70.3158618457,-3.13883427292,-21.1043938256,ANd9GcQ202oYoqyMIVhVfSsFu-jmY2KfNQYx5MZuJ8NmwE_DebUmfi7Q.jpg,64.1243840113
-5.99815240831,-8.04549984295,10.3043975788,ANd9GcQ255khjGEkc4VnLgj9Z24jIy8mATtDo3B37v1lWyZu10w_TvmW.jpg,39.2527128077
20.5807140578,-16.3202013694,-10.2314301842,ANd9GcQ2UGVOoL5duqauU4YBT4vfO1Abudb5PAWCf7V1Lc041JVWyBHY.jpg,44.8074982137
-7.89280081263,-14.5384334852,-8.7554887553,ANd9GcQ3-U1iFeTeromrkQz-Wl_oCKdNZX_JE_57_wDHEcy2fVCPpPwuMg.jpg,55.9658474027
17.9923791617,-9.28590366443,-2.13738113659,ANd9GcQ34EpqQbnJHZIzsaWOFUJmvFSl88oolAQlaBUoHtVV4M3Nw0IDJw.jpg,48.6262585725
19.490695705,-10.9939540967,-4.04341694329,ANd9GcQ36m9IkUgJyixD-5UKPTE2FOA3EmG4jnC1_Gk2tAbVyB8DgyOw.jpg,31.432669277
-26.098389528,-13.3442251386,-10.691214289,ANd9GcQ3G3vcXYRM3wDt31_Uc5M7aZYoNkR6oz1K3qWfXriPQTml3H7J.jpg,49.9933899267
26.6765588997,-21.7115123981,-13.9147446856,ANd9GcQ3h7vo9eOf3BsUxnSEJ1BhGHyIZDpaTbiv-zKS94KVz_m56wbK.jpg,51.4154324555
37.9413179956,-7.48965473829,7.19576710368,ANd9GcQ3I4AqnWqa22WJ5cS_nxRsdKxvVgQBdxtHDGtk2jgenWo6lgp0eA.jpg,47.0732734566
-21.3844538664,-26.7104677171,-11.0656136854,ANd9GcQ3QBC1wd4-PmfN7eiSNnXF_CB_WZMSb_qNF55MTmqxSoALUXyl.jpg,51.6958315576
33.4057621704,-5.5297439845,42.0554337907,ANd9GcQ3UX4TVOnUTI83wm1MFi60JOzyJzYUsJVyKJ8Q6yHi4LEZoUE4dA.jpg,39.6481157956
11.3786110004,-12.7080445682,-2.95032831843,ANd9GcQ3whYfUGrHELoCiurYMmOps_dNp0p2mIMPcV7PVMJM2Vl9zkvodw.jpg,39.198272357
17.3034296924,-11.7999731672,-2.48908591625,ANd9GcQ42LTPJRt5lRQc6SDm-jXxBRtqLFEN1hQTNfpeviZQ3s7JUemI1g.jpg,46.0203191517
-5.70006984788,-4.34878422879,-1.09364231594,ANd9GcQ44Rr7AMWW8pt_rVDDlyrvaOZvKxTS4MYbDxdanNe8I_mZavPQ-w.jpg,46.0520106078
5.70359123328,-13.237583559,11.5827916438,ANd9GcQ4ARLxql3H0gL2HfnORyt5CORfwUcBGyYm6QbZ3LoQD2mM8p0.jpg,23.9609598944
-4.20616504029,-1.53130502694,-1.15571174125,ANd9GcQ4aRrWRi7PaKSC55a-GHGqEnKoWe9WIcGPI-1ra_2vAJveUEPaZw.jpg,33.3215250597
17.1076783376,-17.9629821309,-7.58613745192,ANd9GcQ4HmanLwwYpoDvuMV2gZ-hPHUKe_pEfASta1XhcQsdwAvYzEN-.jpg,41.3191153504
-2.72085954142,-13.5124721354,-7.42821958507,ANd9GcQ4JP-7ZLgGwC2qrsx_Z5a-plNug0qhp3N9IRDo6sshcLyfxzWO6w.jpg,39.9119880146
40.7279115579,-12.7592426076,-2.51349373608,ANd9GcQ4ngCd7aNf4Uezdx0Y0auIPqxkNiH4GoNliFw5g6Z0Xfa89NxDCw.jpg,58.5578420415
4.59816945204,-20.9964854573,9.16199881755,ANd9GcQ4xQ4yZJruTBDxeUh-LiXY_jYACdG89W-mgxzr9j2KgSIO-tikVg.jpg,40.8999086588
26.4455420183,-13.5508254833,-3.96522120581,ANd9GcQ5bxI1StZT-Skc7GLImMqAxU7f6R3YCS96MJuPYtmfGcu7nYoE.jpg,33.9022690679
8.49398860119,-9.12248157164,6.86427556621,ANd9GcQ5CqYkr1Cb2Ya8TEOSlgmOSXTHXjl2DMuevAxNgj7HaLoWvJvPKw.jpg,49.7770370191
9.20573839006,-9.6289714889,2.47932762088,ANd9GcQ5EUHDl9-SF9BaYEhvQubvdzWwTDN-PnPDfez32vy9eIFMuwl3.jpg,20.7691430081
-12.2175629408,-16.6575234789,-9.36305592231,ANd9GcQ65q43sQs6EJ4mKQsxKfMBGWP4D_i0MJiMu0qta5fK7QNeuWDKFA.jpg,46.5240721772
-2.85784475656,-22.5348491164,0.909316941227,ANd9GcQ6cVDXvUc7jyi9jm328NsCpE4rzieF9ODQl2BF0c3LgTF0Wq7zEA.jpg,31.1071901044
31.6776395598,-8.91542046795,6.52952530062,ANd9GcQ7GxZrY7hGRmi8BJRu9o3W481eNLRX9cvRrUFQUyH20dcIWEdXxg.jpg,61.9054272115
-2.13626341302,-5.61821284043,-1.60583428042,ANd9GcQ7o765xVKBRmxQV86d_tNQDLYtQDdqTVEkq7NCQaOaNwgKDmjC.jpg,40.522984014
-11.2112997665,8.68274890782,-15.8980512043,ANd9GcQ88hel4_MLyc_zJjbxGX3tDkb1GCF6aGNx0KEll3c9Cpxuk7-p.jpg,69.1137078199
-32.4229154121,-4.38095501144,-18.4400639986,ANd9GcQ8aVsiop_6jvwv9gAjF-tM33K00W2nR8o-taJIjEKcjt0OmwlmQQ.jpg,71.1636871807
27.2583538301,-10.7515424315,-7.25446350413,ANd9GcQ8flX7rfBV2lAuV0MlAwKTdxnL8JCbCWsSKm43JQfegqcgOJDY.jpg,44.8766564657
-13.2848959285,-4.97355310001,-8.04066781657,ANd9GcQ8n7XwIJxEZuJkxpWSqAsSxoR4itQBY3-Uq8B7Wdl3p4jvp4Tw.jpg,70.1664175148
14.7142121974,-26.7956791296,37.4726966389,ANd9GcQ8wY8bTOiMbLlC3qstrkoWFjNkVMnyVUStMt4XdTp8QKAhtAwh.jpg,35.8438394311
5.74847250363,-22.0608920991,-9.6930946472,ANd9GcQ94dpmqwIQQyYMSOl1k7vjsIQpiYMCtquwrc5eHCFUSlZgI3Eu.jpg,47.9949911303
23.4191451104,-9.04732389305,-2.57761315057,ANd9GcQ95I9SmXC9IFFx2H6pbyuMcUuNhtFOBEYaaUvHGxyF0spef8qU.jpg,47.6049893503
-5.35117125267,-14.365026274,-0.844110742998,ANd9GcQ9Be07dZXIkJDxc3gxs--0y1lkhBu8B1Lxl8BewN7vK1h7TfYr4A.jpg,49.5359671685
25.5439175379,-10.4700794491,39.8709781613,ANd9GcQ9bmfqW1TlE0a5trMTW86tzYJoPLR7HPOWh-Pg2wXmvApSQADj.jpg,41.2298151387
-23.9707772726,-17.6743637007,-1.60977352516,ANd9GcQa35xTzYNjAQNDmtLwFeDlzmWaIo8FCdO2s5vDLJg0UEMyb7DN.jpg,40.5496319673
-7.02358674509,-8.32899473769,-2.47983943493,ANd9GcQa3PvIHC-YnpMcLzK0cVpbKlIjHHSL0kz29phpQRX6Xax-rE0IPw.jpg,44.1196478454
-7.98742946539,-15.3597480669,-7.51044672832,ANd9GcQA3y12z2JUN3_1BvTjEYYIMU4VrWowaufHSfp-K8r2vwOUpQ2JIg.jpg,56.9108872748
-24.8905746094,-5.36879841828,33.1391129772,ANd9GcQaMTGizr08BdDihGFW22sxHyZUFZazT0-DhlYUjZLceKYUv87Jvw.jpg,32.3162386553
-12.6981465039,-8.37224070919,-3.69775455714,ANd9GcQaoOxrMFowXI7eQDHr6d8Uzw5fOgUAKwZt3LpuPYAOCwk4yOwCxg.jpg,70.1036519827
-26.11965809,-27.0016145218,2.62296113855,ANd9GcQAPBORQYPq7vAkwjr6MFiu0BAwrn6OzEMgSzSl8Yi-Sp8izacE_w.jpg,42.063917702
-12.4568204213,12.9990427606,-4.34212226703,ANd9GcQArho3P1-HKCO0CaxP2b-rdOM9GWOBCny0ZkhZV_-Xxn6iZZX2.jpg,51.0771945506
-12.4207237825,-15.2787847146,-6.6014314286,ANd9GcQb2QZyGykdlIDjj1iBZ6TCF_Vy7zCbZoYJAAgWkUXsbSQlCQXZZQ.jpg,50.7265516459
-7.74301021155,-9.18841084703,-0.336287239638,ANd9GcQBLStj7Fn48YKX_-y1Iv6IjTCvrtDVwGMzS-OyqPiNuONj1_O55w.jpg,49.2243663657
-2.95039661945,2.26973677377,-0.24634417422,ANd9GcQbM19ibVFi7quH_Jcn0f1j-FuQteanv_cmL7Cnc2YKAlV3Jjj6qw.jpg,49.9981838946
-2.26432580104,1.13059006593,44.3653172383,ANd9GcQBmz9VBm4Okn1pjl7lqfdP47hq0PxOHtnNtjhFOhSoE0doLQzW.jpg,40.9760486027
8.26088586329,-11.2967461746,-2.78336985756,ANd9GcQbNXkgKUKGShZfqCxT0ID87NtJ31c_DWfy8yDpb6nBY6YzaLUn.jpg,29.123685672
-23.4581420177,-20.8970726369,-1.08422389621,ANd9GcQbo-L9LD8o1IRMgf96ExpiQJrpmX8Vu3v-Ngjf6NbDZjD6xnuYIQ.jpg,29.5976465847
4.65135573025,-14.9766819046,-1.53795627778,ANd9GcQboq1Gg0Q7aTErq9oKiwSq2-X2Hu8lFbelvk6SX25N6SuJ5eG1cg.jpg,23.2699438444
-14.3598366241,-12.1292948762,-2.44897107468,ANd9GcQBQJncxQKcm335M26pQvhSqS9tPq9BMQFzrn8tOXKhpOrqYi071w.jpg,43.8931613141
-54.6057489807,-4.54364653573,-19.3333791896,ANd9GcQBQVSSR6g0Yyi_I94Wu4uc0Q9uTIDm6nx_yFyNJJh4DK_b46Z7.jpg,68.0180406221
-8.66170589595,5.62763434135,-3.71000158648,ANd9GcQBrvTM9C7sj7UndKDmJz4UZUdMe5ZpoHIIEfUg0iRPW1ycM9gsRw.jpg,64.833577211
4.62871786665,-17.7712191911,-0.171501366865,ANd9GcQByP1-p5okUsTrNnKELK9u9H1nNQzyj_DFlXxA6PIUfuQu-WVB.jpg,43.2083985822
4.73745458386,0.499971396415,3.03107774822,ANd9GcQC9j1fmFEHdPQUSHgBmUbr_NXDGBHYrbvkkbMTSF4KRq70dqMCyw.jpg,35.6129704943
-11.3853703076,-13.6693952962,-3.5873359098,ANd9GcQCCik_LEJruiEgOtArU2u32BeoQAK29sSEtQC4VW9Km7maIWQWzQ.jpg,49.9186744982
-21.7645960361,-20.9058128044,-21.1611698476,ANd9GcQCpmJHNl41fvMwqPjlEm6X-pHhneT6heju6H9DRz9rBMeSfIwkpQ.jpg,63.2290814606
-12.7455122566,-18.0898612629,-5.36868650261,ANd9GcQcqqIUMeERnExCExHSX403_vl1wR823izA-Ef_m4UudQzeBp7i.jpg,49.7597888836
18.3199130417,-11.6930101663,-0.639853567973,ANd9GcQctqQc75qFFokozjwtQnPheUnCIZEmkMi1ECUtVJKsteyp9tmw6A.jpg,46.1258891038
37.6840922074,-3.01794236635,29.0963309282,ANd9GcQCV8_89q_UtP6v7HpojrNvIlDKIFcGVltUayatuPhAAal19B7t.jpg,58.456515051
-2.61970036833,-12.7059786582,-7.12121194744,ANd9GcQd2sLf5mOFuTbkG0CYtw_F6nxXpKUinaiVFbFlmPWNXc9x4BWKug.jpg,23.6836691151
17.0724363324,-13.6759898417,-3.79653009093,ANd9GcQD4GqFNJm5hcYrHpy-xiQsr2j1SCI77moYWxXnQtgr2XyxB7q5.jpg,34.3885888432
-8.78109425124,-19.9258436959,1.86047453706,ANd9GcQd6rdmNd95ZOG0LMAK3osxA_tHAvRE1PPbSNUU3OTiYLpvb8e4UQ.jpg,37.6653566551
-10.8204422489,-16.0009545267,-11.6082707872,ANd9GcQd79AVr70cCXHbFN5GTStxxyiLYstdCUfhi8eadj_Npb6VEYQY.jpg,61.2458851401
-4.85473149373,-3.70283648835,-1.89118556353,ANd9GcQD8mhFLRE7B4gNQVSYZX0fkZTQWAnHKy373A8jrGj7wO_S3Ep6nw.jpg,40.1546159045
-29.0529939141,-17.5890154327,-14.3433491009,ANd9GcQDDNcWydnlaWszUgPNTmi9KP6p4Qf3ztL2q6oQkH5UL8WIJzzh.jpg,51.2143173176
17.3008621973,-14.0732068319,-0.713253028985,ANd9GcQDGSZ9N43B3iWlHPTDfWmshtZTMZh2Nqno3ebfOemfLsqaZ5Pjpw.jpg,43.428382404
14.2304961224,-12.4434957547,19.3725555792,ANd9GcQDNJchDVh5pfEMu0TT8RCOIJxvxbiVsVaQ_8btYQ37rwg1boJ-.jpg,40.8606383595
-6.49320954509,-18.9947501656,-14.3340544988,ANd9GcQdO8fq0bjkTkbki3pvNinXBfPie8i1BLOT3XAXIlb_RsYiyK1Tdw.jpg,73.5251179045
-5.17363770771,-8.77096368491,-6.07334111575,ANd9GcQDp3treJcAK40io_glROJ38Y1HYU5EJWu67xis78uQl1M8Ks9B.jpg,33.7751783063
21.0547445385,-18.9181149457,7.54913478747,ANd9GcQdpiUBzFbkgMETcOsZjsAdwf8eIGMTUGqzskpvug9hFJr-iIuO.jpg,34.069499058
3.34351991063,6.22591251389,1.62294902731,ANd9GcQDQ1Pvj82zVMLL0-fImRm3XV_NpctgXMkKGgrvKORUeuocfkopjw.jpg,57.150420899
6.41492662041,-3.57829693905,1.89293497215,ANd9GcQDqkIaGATpjrQtDahjItrY47WJ_eMiC5IQXhowlHg64UvunTrnVw.jpg,32.9317022493
25.2214573302,-1.44018767527,27.4378693869,ANd9GcQe3JTRLlmBK2bobjkG2S2fPFERWhCdsixliYq9irzDnZDQ35X2.jpg,38.6063694959
18.1239373779,-2.63176426181,5.77890209668,ANd9GcQEglyvZZi7ZDFViCyIbaKTRYt-3Pj-_hJzGiYifLUY8iksy8Ii.jpg,40.1650564434
40.6952725922,-30.9415676211,-18.0374805373,ANd9GcQEHNCfr8JIHAil_oyHxXXj97VRu5IGMg_cya2sv_QosZ3L0zM.jpg,52.2337830433
9.42058536867,-16.5928183889,0.894436903142,ANd9GcQeLQsxHSSmyUAj-zntq6-Puq6rgxIIABo-qA6i44WdzHBEYZD5kw.jpg,34.2061888332
-7.55090908254,-12.8101513382,-7.37831796057,ANd9GcQelVb2it2eod9HF62Rteyb7lMmIXd12IwFrf5RUWZag3UB1jzLoA.jpg,64.2342189664
31.0480614916,-9.0057808602,60.1162177388,ANd9GcQeme67tTCcvFbjg3xtvKPls3300iLBXVDEUfy8mx7yWaCAIqEWAw.jpg,36.5043240065
-6.12577544195,-13.4226256368,-5.03672843503,ANd9GcQEUIzEWx-HFx1_qZLX4Jx9GIpOdNPIVb7DnoLjND_5NlWG_ys7AA.jpg,42.7780632084
5.01030987442,-14.5823246236,-4.28543438831,ANd9GcQExPxKiafUCJYDkd3CeugMR3vtazHcpc7JiBbQKmUIGsWLsSrA.jpg,58.2413996828
1.97843091139,-8.25264643646,-1.35089693837,ANd9GcQf1VrdXdHtv7rpjiatXhN7lqLyvrggTks-LOHPonkqPwVywmG2lA.jpg,59.7145631292
22.4257670675,-9.80874764183,0.70956904466,ANd9GcQFAUn8o8vCg5JdN8_TMDE3D4kCHKuO851PjujeSQojyh2x12CT.jpg,32.6598890764
20.5170832199,-9.69952926691,32.3251383012,ANd9GcQFCFLbKjNda3iUiiwOrZa-Uk7-voxpxFCZ_IpRqsLstBJbTNDE.jpg,37.0455089045
16.6339082463,-15.0914143941,1.66007541063,ANd9GcQfhua9-COIt17xG2p6f47J4dgNjyZul2peHrstsAK-QmPXwP6QlA.jpg,42.6151830215
2.24954349731,0.423646222822,-3.6805348526,ANd9GcQFn22ol1aQZXQ-1nOUCxtxW10CcLhtE70_1Qro-ofW_7sTKOYq.jpg,68.4525186093
3.14151047787,-5.79029121572,-0.377549794792,ANd9GcQF_DtnDG6kDB3JsWN2sTcKFYB6SKXeC1AZ4gx7e6WfLLBu7R5ItA.jpg,47.4226918267
-8.1783669118,-9.03433990084,0.90593123141,ANd9GcQf_j9m1Ml9rNy-wO0VI5fjq08FyptF-qTc3xgZc_6DUJP7YNMF.jpg,43.9973221878
15.1499573838,-10.0749398547,100.266448311,ANd9GcQGbFoZJnts-CnU_98Q_QgKj7LBYJMekUryZs9tZjPaQJac9E2t.jpg,47.363157567
-32.6781007945,-24.743683901,-6.61301549015,ANd9GcQgCTRJROBCiF-kcOxAmwiKnb0UkY3aqtQOCPvuvoLOVwKXZqkw9A.jpg,51.5564383411
8.66750182771,-12.0992782504,5.09483080457,ANd9GcQgmqJQRrMjUgnv9Pq_IOyUuD-a02d_mvGV_g2NnulB9IcAc9gz.jpg,60.7142921777
2.1322729078,-14.1799099227,-16.1185496812,ANd9GcQgnAASYgfLOgX7h-lpdM1zHT02V3km28el7IgY3PEw2iHsoes5_Q.jpg,41.8719613848
15.9518235916,-13.6591203937,-2.06043603799,ANd9GcQgoESCyh78mLx-hZcuIXYI6n_Vz_BUWgrgT8QCAyIrkI0q4-GP.jpg,27.1918318466
16.1638381681,-20.9609423085,5.55811240966,ANd9GcQgQ-VQAuMOUKMf0EjIdR8zSrgr9pTWUkJdx5-YoD7p4UAm24Us.jpg,70.6715965046
4.70843159727,-9.45074899513,-2.38437109404,ANd9GcQgSTKxIMOWR8yPks47kYoRH3qnrOfCeicoBqpb-N6lhj4iU76jAA.jpg,41.8827932261
-11.2585229274,-5.74205873215,8.07305432442,ANd9GcQGuNARgogEzk3ijLHZS9WrkXg8AkDuXVLtaJUMM4FrlINsI6-d.jpg,23.7217617246
-9.08721941173,-7.38009319577,-3.56437130309,ANd9GcQgV4dJZnzDr6JHCRWDEwBe3a9cp_hoo9fbeZXNJLjzC5RePl4Fuw.jpg,55.0703724361
27.8612022293,-17.9439076509,-10.2551623766,ANd9GcQhbVM8cF4KBa_JbNfaoHB2FsHlr1jTzvuoY5HPqrDD9FPC5_aTEw.jpg,39.0843007513
-31.4481268852,-7.58518926078,-13.927263005,ANd9GcQHd24C1XCc_Yk0g2Co75Il2vnze29GXLZEj8x9ut76iFEb3SvIpw.jpg,62.4620665552
3.09039022211,10.706393265,3.5772863706,ANd9GcQhEuPWjen8rU1cxXFSxxghb-nnnPQ5aPRo-1nnsOt8VRE5pGCA.jpg,72.1485841474
7.29285367912,-2.68925275401,38.9282656703,ANd9GcQhJdJuTXjLtL2kX1DssvoyqX3NOAUeDryhvokO-w1jJl_0SCJ7aQ.jpg,33.3827958942
8.74538497259,-18.8655629902,-6.20254909056,ANd9GcQhkPQhWJ84zGDQm3zFaAgrjWNi75qA7vhqMriM9ghii_3RG6Yv6Q.jpg,47.7657239067
-10.5915495713,-9.94085912112,-7.2254386829,ANd9GcQHM_BeBTmDWzZLdByJREnsx2sG_I36mTZ2a13p7KyxVwReV5qfnw.jpg,42.4972513635
5.19965390946,-4.61278683205,5.41141902846,ANd9GcQHnV55FGsCXu1KyVOwBF91xKt7tcSmFDAtF26sDNBxtAqDpwKh.jpg,24.5678856377
-11.671692838,-6.25651688557,2.47410694634,ANd9GcQhtgoJuP0f8V9HiZBcOSvMpOnR199auPN3hHpb0i3cYwFkR7Bu.jpg,29.5665312751
14.5563598565,-9.53066769864,2.55463518033,ANd9GcQHVL5tsNxB2QUi6iSp-3rM2npU2TrgmtI3vXdSHCRv7EUVZRV6uQ.jpg,47.6853760513
17.0589941617,-9.30185242725,5.57266831617,ANd9GcQI2nttVJzHEK2dI6QAhhvffszcrElUVqNUqBWE4-ujlDPG4kaR.jpg,41.3276833887
26.9058811174,-20.1303263616,-2.30595447723,ANd9GcQIA8sGpTnIG2mQOeFxgwhKLOjYR-chqllD0gryM2CZXRyRSN4jXA.jpg,34.4317073239
-45.2556121024,-21.3640393856,-14.5666933008,ANd9GcQiFtxzAVVZt6GLVFkuHodHKeiooASlYpv-fgSqnqar6AvWX3KAEg.jpg,39.8729515562
-24.6777684296,-5.0431036333,-13.8455893032,ANd9GcQikmr2viXcTbVck9sUMN4TdxdBYUgT-Dmo3x1ywRTCjPiGllz_SA.jpg,50.7456618148
9.26338359689,-22.3615453459,12.7529945455,ANd9GcQilXJ9A-FWTxa6tYmOY-tVuPI3gy5JbwjlsIkUyeltauQ8hFej.jpg,56.4868968548
13.859360156,-7.06333433259,2.32505302367,ANd9GcQiMjgo7-6x1D5Jheta1ulJs1XsU7W1UcayFwL3uQw6CjP-5lO0.jpg,41.2352898478
18.3217526486,-11.8400179321,1.74985879568,ANd9GcQimnYyaYcQELr1XxKZTNzbuX_nVu7dNwk28XqEIUBva5olw47x.jpg,37.0088498066
-13.9090461593,-1.72381312726,-7.48472512431,ANd9GcQIRMBSTZZhuMak4d3Oh_qd93cLRlwwXjEf3ozWEOCFv2EH4wBa.jpg,62.1670432799
5.02260087677,-4.81228185654,1.90631107603,ANd9GcQIS2RU_PZq42U_GTFHX_1xiGrnivKj8cmSs3veQRqZd2eibWFZIw.jpg,25.9576897061
12.5629443537,-9.19826026647,-1.25483998716,ANd9GcQISE2C1lVHBv5TgZeqxBOmUFPjAfHbi2ISgqNwPoUGUOHVs9SJXw.jpg,21.9577937319
8.61235433282,-11.2762502218,-2.87296951084,ANd9GcQITCvs5-C0CmthmZqFivvB_IM2ueTvQhuOwUzATAO9JgIJA4n_mA.jpg,53.2663047224
13.0268706904,-4.62606063782,36.0602636799,ANd9GcQIVjs94krEQ8_R7iTkS4j15d0yc5xow7YY-RlxKpRTPQwvRWf3.jpg,30.2813692856
-43.2648414262,-13.3021662023,-17.0381988865,ANd9GcQiwXUivlncq-lw1R93qyNzqdaXNp6StkDzqxfdJ2UkZMuXmlZZBg.jpg,56.662858506
46.7402332043,-20.9024081545,46.0376521219,ANd9GcQj3sU9Gf4MfBQaOnrpAFByyMZqWuhONdRfC-TNPTofV8S21BgtYA.jpg,56.8619445353
-9.33616455394,-13.5604947586,-10.8374232631,ANd9GcQJ4MB9qjweZTs3qvix7YQGo1yZ7fwbAHxzncVffcEXlS-yVpiG.jpg,45.2936629259
18.260069103,-1.14474932581,34.835391182,ANd9GcQj6dnATgWgvI_5ajMhFMNi-YQ5F6gBETGanX53pf9arW08czGT.jpg,24.1230259047
8.4689559858,-19.3320861998,11.6430454341,ANd9GcQJ7Zh5SXGgX1bxuhDfJQYRnd-cqU96i8lvWm5GEKxM-5YX9FSIjw.jpg,42.5248874091
25.3356101208,-18.4371627812,-14.3611108368,ANd9GcQJDQ0mAGwOOV5vY2WyJ5LsbX3wpBFx0VsDW5_xFCCC-GXU016Lqg.jpg,54.897012004
-1.35672416756,-12.0308556147,-0.385792738234,ANd9GcQjKdI8HMvod2TuVkA7TAJZrtpYArEoYpnMrRIcDLX45mPnKG74.jpg,54.7330059916
38.052259687,-7.94944802079,65.0747281759,ANd9GcQJP3_kfFC9MPAgotTuv1aIQAXu0t78hsWWUjznxmkilhgnQzcv7w.jpg,47.1332575547
-37.3396914395,-4.76539143335,-25.4444675602,ANd9GcQjpKa2FnH-xBsTtCBl0s3VCW0KL3L14kq65czEpf9g-WHETwqY3g.jpg,77.3431942314
3.39459170696,-14.0003729744,-0.022240981818,ANd9GcQjPvS_LSPKiiwiczvZbbXNCqlpQK1nAbU5e_Nl1VFgb2fo7pqM.jpg,30.9102809878
-37.7704452441,-14.600803171,-22.7239986267,ANd9GcQjP_siJFh6XOr4X_Kw5UMv4VyfSmixaKP-ZKLG0lIDGb4EA_mA.jpg,53.4042102086
-4.11104883129,-2.06015893299,-2.44425101756,ANd9GcQjScigGm_U88xxwdEXfFdzCxDIDcpTL5FJKg72T6mI8Cta8s-J_A.jpg,58.5396528249
-24.7921037539,-12.2393097118,-15.1421852353,ANd9GcQJ_sQE2fknT5fM8OgP0pBbfVazEfnKsFT6FNQXwgKyPnc76a7r.jpg,67.4182269989
-1.16433597542,-12.6527445803,-0.554027860278,ANd9GcQk-WeL6N3tb6a79QiUQs-dDp-PI_Ye7dHviKjJAoj-IvN69rQiDg.jpg,29.7204339073
-17.3981292783,6.82085775281,-11.7666445196,ANd9GcQk0hXpCb8kt50MFM-Yb5IbmotGwec0b99uUDHMX2J8hRUO4v24fA.jpg,70.3241861563
-3.1465002715,-7.27789215135,-4.38619485647,ANd9GcQk2r6zXi0yhW9Prl2Mm1kXaw_TicQ-V4cLaVfEbLv9HbSvZOIW3Q.jpg,58.2406731853
6.53605788555,-5.22836324558,5.83298213054,ANd9GcQK6VlNG9yem4C3SdssiD8H4rEUzJJNzaLvBTuYdiMT0Ey3MYv1XQ.jpg,55.3348386821
14.3851349425,-7.16718145956,0.632336655146,ANd9GcQkdQ3a5F38NhP_AnCK7juFo2tIQ4RhfPLTJP2u83lxS2OwpTQv.jpg,44.9298745509
8.48693700005,-14.3649072058,-9.30201533144,ANd9GcQKdXI1yshDXXRTsCK0nD4dLfoSs5W1XVor9ACDDEZEVOtRjmYTsw.jpg,58.8138308314
15.8907809329,-10.9415622217,-3.81721051788,ANd9GcQKdYzzKwYZJHBYg8RfpGYMpHpVsn-S2C-B70_toPpJJu6zayNv.jpg,33.5615846585
-0.699964787338,-12.773622228,-7.72991832835,ANd9GcQki0Rg3JNQ2Qtv4FUGub5YCsk7TFBDMRJZECbBSKKjrQSr-F2S6Q.jpg,37.7818078502
4.14226072411,-5.46358024535,15.5513486711,ANd9GcQkiNrf5h7C6b51IRHp6l2ph_iOheb37huKzNw9r4BxFE0hwGi9Cg.jpg,34.0561796644
31.1986153768,6.60354580334,51.906491978,ANd9GcQKjLqmbb_xkNt3KNgpl7KVztn8YYDRsfZvlVDGCkusx3NFH6xyCg.jpg,36.157330913
-45.4440926929,-16.0368130707,-15.3192640501,ANd9GcQKjYb0kFxdKisOvq9WWrpyBgVwCOCVsapzCuLHquSMDZWTadJc.jpg,59.5940291199
-4.49001167021,-8.09930192049,17.6719510737,ANd9GcQkM2nQvq8FPmcA-T6DchVkGohw-sp6KbqMaTtFds61p_0-rLgzQQ.jpg,23.7623364559
3.65338801252,-6.19802196785,2.22108842474,ANd9GcQkOr7i4WJFlKnj2ya8i3qMyl2i2OU89mFmDzJnwhG3kST4G3lCOg.jpg,38.0503212409
-13.6913591176,0.882870580802,-7.96687503076,ANd9GcQktrEKdCuyfZuAMfxs4EWvWrsOUjKFxqy7BHdVieu-5NSuetVRBg.jpg,62.4682354325
-12.282680283,-3.88946173415,-3.45021102332,ANd9GcQkUsy-_l5xFnT0lvU3UkML74uC90uHytfsv7vUQwSpXgNsRyMF.jpg,43.6110503085
18.4526280115,-3.88785581506,30.0810195253,ANd9GcQkvgbtAHAcAQuR_Cx1Cka0X8e0_ExvoAArQQHrBX6drd9WlLP1HA.jpg,21.2415068988
19.2801762133,-9.44236709798,-4.58502827036,ANd9GcQkw3xgi-0fpgQbp6IVDxy3fpYcTYkeMnaUuhBnzkYgrTAQHksLtg.jpg,41.2866017723
-33.8968287532,4.15638728866,-36.0419967085,ANd9GcQl7FBWMWiijWpjI2sQ6BGcRwdQAD6VOxlpYJ47SZljOtDCum86.jpg,77.3224424495
-20.2577726192,-11.6901033921,-6.6475884294,ANd9GcQlCTsTGBIJjgs5Zr3dQbCtIGBVs3FHthCi91bueP1Uf7-mnJu5.jpg,61.9974441077
7.31368940331,-20.3604379576,-3.80580332624,ANd9GcQLdZUsZYNj61o5I17ZWWqSYDTzQtp1wrXevShk6HfrG8mT_zJW.jpg,28.2160598207
14.9184314614,-7.8690361057,-2.34367457667,ANd9GcQLk343TNtdKIm2Cez0FCNQRoaAvT4ErPHsfbvpo3b4oI7r2TJR.jpg,33.1313032525
-18.1193239128,-20.1437524276,-8.54262841774,ANd9GcQlrygVtbatEwplSAUdifUPKViCYiYA93z9YAGMhSUJynAxyDaK_w.jpg,49.057663139
6.10083643681,-1.29657582953,7.05229980507,ANd9GcQls9Ygofmq1jYpH5AMlnc3Tojs2NIIhOLzRm6SDZYDrtuVmXKwLg.jpg,64.7789214024
11.4744483998,-9.1982734715,20.903347887,ANd9GcQlt4qW_ijd2-JdjjI617P80tav1GU-CrF3RqCSNSZRWNu9bI9A.jpg,18.303679596
-2.61231890509,-7.04127410072,-3.84545281188,ANd9GcQltg7ksBMOTINiXB448-nTTSeBwZWzzQLUaI53Xtewd_WDqk0G.jpg,44.3168958721
38.7086967884,-5.95714731215,56.1414729541,ANd9GcQL_1nrlxymSF09n8ilgnqCn6SijOauuoDMh2JiAsSeU5zhhagJ.jpg,47.314005461
-4.73605350602,-14.6068403316,-7.62010844457,ANd9GcQM38N2aXAH-RQz2UmlHUTLouR6mHWiDvIPVsbdJew5J8h-u38F.jpg,46.6444332181
-29.4395883891,-13.921204044,7.68698577725,ANd9GcQm3Dvfoztf_kp79I9Lr487O3KOFJeo9q0E2TmbrBr9hz9MgKcB.jpg,45.9876274118
-5.29486828578,-3.17316830331,-1.58784371585,ANd9GcQM4l8aL1ZUPs5cnFI1274zF0K-LkRiYzRZCBX89thjYlTadkTxMg.jpg,42.4520915827
-7.6728612275,-17.2156313569,-5.82101866958,ANd9GcQMAVmx5-HIQ_nyIXU88jmbN1LRb6Qq88VM2VFSyCcVKuifFNcE.jpg,44.081676825
11.3561011562,-6.8617799594,34.39108627,ANd9GcQMLiOIwamPqz4FKFXyUH_hf2bstJvVft__uyvyFNzb5b9lyA5A.jpg,43.8800533542
17.260196287,-21.4862412438,-2.5924583674,ANd9GcQmtbzAniQuL3GzHmFiU9HqkqypbvpckUT4EHGCMckDF9ioqsY_.jpg,41.1983804831
-19.6797203813,-14.2087476858,-9.29013618064,ANd9GcQMz3JJJ1i5sjH4dsVykz3AfHJ2ydIwrMhOi2jMjSzAVjFHpYKC.jpg,63.8806361172
33.975788547,-14.4890455304,-6.6799369037,ANd9GcQN40nY6Okwg3d6q61keJGFbQXJEdP0ycZrnLYhaNUC8znmVlQj.jpg,35.916413995
-3.54346023685,11.8544633517,-3.12349977779,ANd9GcQndGVJcrDZM8cBi69myoXRvpUdKgHyJ3RHqcsVwIU6jBroqkHB.jpg,78.0914802941
5.44954239971,-9.46782109404,3.56900465535,ANd9GcQNGv5T6vc79K6gdEcENjpADS-pcO5KRByONc0aYPr-TA0EQJBXlw.jpg,49.4157906384
-3.06917508294,-23.1646600076,-19.6028402598,ANd9GcQNiGQ5n9agpOwOAH3GLiKzKBOxbJJJqXZVrNergPCebkm0kfeUDg.jpg,37.9094369313
-3.1555868572,-17.8679088261,-4.60208963505,ANd9GcQnLG3qS2zzZIqacY5IlCixrjjrGUbTbJ10WPnGcLqAIgfvER5j.jpg,35.2194001872
-3.99431999894,-17.7416791347,-0.955243330075,ANd9GcQnoD2vheoLFeC5qR_u9lcApv4Rlz8A_mHe1Jlpf_sfGHbzporW.jpg,39.5744374993
-3.36282899196,-15.7588871617,-8.88527364165,ANd9GcQNqBA9TaMBWaislhYerZBbcusu2DYC6UH-fFU5KOs9R8rXIF7e.jpg,39.8046748411
19.2174844506,-10.3203068432,-1.36445040244,ANd9GcQnubWNfrZSMTAXzRcO-sVpv8grl5WSVZ_-HcTZ-O8bzc4-5ddp6Q.jpg,31.447700289
24.0263362641,-5.52565705575,34.0352684342,ANd9GcQnv0pUXS5Xl3ky7Ku1rCSQZrV6LvuoDwxdWXXc2wk8eNT28i0C.jpg,31.2522586878
-10.7418517054,13.9508152675,-5.97943793503,ANd9GcQnWPitCRAiuKZ-FXAq29ip3rU4-Nf4SgLFfAK-ncbsNj0lfE1Tbg.jpg,79.9504740333
-5.06504915545,-21.2786627144,7.70029739538,ANd9GcQnxvEJ5AWcEGKUHWBzGq9liE4hyLGsqeiri7qdGxUcKws7U63R.jpg,59.4323842269
28.2719948368,-2.40743173045,54.9122488283,ANd9GcQnZHVefsHYMTQ0GyJSCnmQ5hCQUHpz9a42Mo3c31GuZeppOPKHow.jpg,34.6468095169
2.23706095996,-4.69940874741,-0.829923571702,ANd9GcQo-vUqELyjz6eyuhbu-8x-uXTRtIipFv3pYlOnnzta5F32Sh6s.jpg,37.9609620272
-3.71162338607,7.29050796632,-0.980597297788,ANd9GcQO2tk65UiRmtsdIEtr69urhDbjohFboozxLBHm8TaMT-JXbl2t.jpg,56.9321138246
15.6231393774,4.66377478313,20.829857737,ANd9GcQO3YqxAxRhmweSA-P7cG65l1ks-7FI796UhK2q6oFy8mCOo3tK.jpg,23.4191847008
-16.0699294237,10.6544484989,-9.09250176938,ANd9GcQO4WVZK_WIGJMEFOMm0M-B20kUbY0b23QzeQO-K1BDsUXRLBQQ2Q.jpg,58.8461121245
18.3649443798,-22.8303821104,7.10687778356,ANd9GcQoc-K2MrYf5JnQ5FhPwtCvYk8EjbYtUtmdshiFi2l6Ds5wLBmUqg.jpg,36.1740486465
-4.10676164571,-11.8516489394,-0.64673480363,ANd9GcQoM53rcZqmgRIhe4pAUYFCqpvLwlfZ-8TLVkE0Q-sn315dvrt0.jpg,60.04932937
-34.9789904187,-2.6618729891,-19.7647116315,ANd9GcQooF458yErkA79PNj14NblHu8sFOQnFbrACJ8XhLsKHUtXBb_-ew.jpg,68.2095658644
16.9098231058,6.38791669215,14.9533467368,ANd9GcQouo2VICwSfdtLYfPudCwPgUbt5glJ5yxLiyUz5RiyeBnPyEf9.jpg,47.6756994696
6.1710171899,-10.5457345794,17.8468059375,ANd9GcQov2JpsVI0UO50J4NiyhsuxMNw90ffXe6U7PCHVJeQFIUKLZ4qdA.jpg,27.6262814739
-32.0344057579,-16.0436251636,-11.4084182605,ANd9GcQOw3R6Yx9e8KsywpmhKGish-UWoPaZ11_Xyfh44IciTlvXluPO.jpg,45.7528920595
15.2311102797,-8.92213342736,-6.36332607678,ANd9GcQoyVwycL-7X1y0rwCOV7lFP3rnvK0eU26TsD3mJHn0wUGlYNt3.jpg,44.9242096277
17.8777938529,-7.54737288545,-4.17143570512,ANd9GcQP4Tq8XpBf1phnEOcac76ex5s9AAKbm5dSHiQecNtEr4gfn7bp.jpg,64.1403312633
-9.30376099545,-16.0337500309,-6.72091816341,ANd9GcQPJ0iuiQ8qo-lR2KspwEG9LZLuJEdW1oWcLiDbOxo5Ik9OB54kew.jpg,35.7148101806
-8.21627492986,-4.28715285052,-1.67415031218,ANd9GcQpnbZgrtKqtPwGIicxvlxQ8b42efKooxo3sWxrUUPEm-82Rkv6Xw.jpg,46.7478500358
16.4438856939,-10.3559103469,-4.21837789327,ANd9GcQPPblWWxrx4M2D5LjUqOCcs_8J7CBgnHv36Bpw3HT91ParVXSt.jpg,47.8513489296
22.8571370715,-8.28624592162,61.0387142556,ANd9GcQPpSzkX5_LfitE4KqfMBxrDqzgedwMI8lcIbQPrDOFfu6GJLB1.jpg,34.8238806137
32.8781878159,-10.7300238218,74.9089845345,ANd9GcQpRCbPjhEM5A-gHOs4MxNXV-p8UJ4frkHBwpgGk6qmbPLIGX9q.jpg,39.9453167522
6.30692738024,-13.6334505936,3.09868292773,ANd9GcQpsfbMhUgOBDJUq4iVUQ-Wivtc61X6ohPG4jAXS37YTN1O2c4.jpg,27.9628378601
15.8609670996,-11.6143137542,43.7668142193,ANd9GcQPtkSzAaqQJIoHlwwmjZeFef_RukkLkxfaJzTkNtMXfuYYU3hl.jpg,28.2016475159
-22.741059225,-4.82548771916,-4.93510897805,ANd9GcQpuOL6GaG-INJsfa9We7sMydXjclepWfhg0E1f0_W-Zd8XM0isUw.jpg,61.8164522398
-2.74421864955,-7.93289181174,-3.64750004637,ANd9GcQPvoPaOHF02HBVeafeQPeMdqzUG6Ry1t-WX9RklAKwvBPAPdCmhg.jpg,53.5702179203
0.00508829471081,-0.000274750118921,-0.000364672334829,ANd9GcQpwuBPfHNGbMWppmRMbtaZlxmwv4D9j_K_RDbAgLGIcMMPM2RX.jpg,66.3643634184
-15.529710997,-14.0853968784,-10.2705469992,ANd9GcQQg-BuqfCHiHsPFYmZlyF51GOK6JbeIubFLQOIYfoMdl83jXbB.jpg,50.3521159467
4.00940948348,-4.74254006148,-0.0270843651642,ANd9GcQQGE7WjywcbKvbEpw-Vt_UAoBRMQqdeAh-iQ20BK149ZhlKplKlQ.jpg,32.5396928271
41.3624406852,-19.4378026321,-12.0173959926,ANd9GcQqgNnAoeWrEqpZLf4yCWmcdrJVs9phLC9me95vy7H8w-OSnUMlDQ.jpg,49.4744810406
17.5261004309,-10.249695725,0.206572443905,ANd9GcQQliE4bXzbhUCew8zDMsCMslTL5GCj7dyUZnludWdvlBX4ZnWxgw.jpg,39.933078861
21.177115282,-17.7510051653,2.16005266313,ANd9GcQQOGZIvf8lzPV2Rt_q7YXgp0ZOpRzk6ggDssStsL0qCmr9L9DY.jpg,41.5191746144
4.40576166335,-12.6529211364,-8.0972425727,ANd9GcQqpU0IVJ6Pd6IDnA9ky_BBqpAcvuvhsA6iKtvq6KlenBFKcTgr.jpg,51.1620704355
7.76458899771,-0.765936787954,8.18610597597,ANd9GcQqRess069PPw970xOn56aqtqj_1J-Cc1JQ9mR_CzLkwd99hJoz.jpg,38.1253206864
3.08755633614,-19.1353329229,-7.28290135062,ANd9GcQQrhgUMog-BNhgTpdOft_jW6Ji5SoVCTphvbXjCIyHkf6qydfS.jpg,38.6610515414
8.88729236358,-18.6810118205,-8.99488195461,ANd9GcQQTi1KRIWMrxOwyL9rpMRkV8kj0Tp4x_OONaDvaPSgF_smjSNl.jpg,40.8213607603
22.6688866908,-3.4177159804,51.1164688284,ANd9GcQQTWsm_sYmfgzkJON27THSP0TztjVLEEbVSlcIe7lZUUajvwHRxA.jpg,33.2893991912
25.365649474,-10.6148063888,43.4000140363,ANd9GcQQu3ojtg_WSsdPM6X4iNaoejKW58tJmz8gEwBegOmmTAwQ8CXmaA.jpg,31.7613888346
18.2827338932,-13.0002326633,-6.5542070529,ANd9GcQr2cOUBuZ38erUDRLZMTPsEN_lmuIxzFNAJzQX4n7HYpJg-GDG.jpg,45.4391456947
18.0005200003,-9.12637844187,-0.144456758975,ANd9GcQrap4YDEaWobDwwjBX4hBrHFMgflYeGi1rtJaGMNWo8mwHGfxjwg.jpg,32.5171272486
-28.1712699001,-14.0987719352,-2.09026422398,ANd9GcQRGgfn4bVYXEnpl1-RrFp2QzOoUyBZwRMX3Hwj8WNIPmmMQVoF.jpg,51.6861787809
34.021858084,-16.4181228828,2.53902394242,ANd9GcQrH-zRM9kZGSjV4dNHPSKdDNMzVC0Uc0G5Xm4nG489N4lhLk1P.jpg,50.7993821765
-10.9765514996,-12.9544498156,-10.47740396,ANd9GcQRnAtUWToiZybbhuddZEnXND7aJO6qvCj6BAAHbCPldTMSj4WB2w.jpg,34.4781645149
-2.21083675408,-4.59989836262,1.45900249282,ANd9GcQrNbHEQmpbA-TdI4tCGQLtExOy7vAvmhvAV0QE00ApVCH7y0ZBBA.jpg,53.9006657021
3.82810496082,-25.8913388404,-12.4838375985,ANd9GcQrQP3vgcw4ge3kgvcI0cPewZTu-b1jYaI0dpOHd5zLzhWl26L9.jpg,41.4091652892
32.9221890127,-8.04421506797,-1.95876971468,ANd9GcQRrtET-55F7Wa9n_NGyHnK04gALPx95nJjz7gQP5OCEAvNq-BG.jpg,42.2125666446
-4.37448093293,-8.08863390411,-0.818324362975,ANd9GcQrt7PhgzX6S7TUBbSr076yA4q3DNkvThriETgMR4aMJ32hvTn_.jpg,51.1221515212
14.2064034031,-11.1842223114,18.792586237,ANd9GcQrtO368YabMWhlZg8yPGK-XA-k5ZI2Tt2Bq4sgMtbMfsPwGJK8.jpg,22.9289904846
-1.4595184233,-6.53557550197,25.1067533072,ANd9GcQRx2vZQKPRMPa7j6LSLPsAKAgLOnoHuosl2LP8Jc0Y3MQJFJv7.jpg,39.6230875787
7.31937997647,-6.46733106835,-0.779776188761,ANd9GcQrYzrWr39lOdYPGHPcJnlNpY2-9i4myv1BQKjE5c4VYP3rnmSC.jpg,34.5981529428
-3.01343161159,-5.21400634661,-0.815185627553,ANd9GcQrz1UgrU3pCv2kvoQ8GyFTTX9zM0bYCGyqQRmSS3IOn18KQAJe.jpg,62.7244696851
11.9695800664,-11.1444898531,0.906874415802,ANd9GcQSaxQN9ClX1CpXF0fj-ATB6t7cNg78XnkuvqpyijD9eWY1mD8h_A.jpg,40.221876283
12.7783825024,-9.22730758266,1.02623960811,ANd9GcQScY61Ha44xcQ6t0l5VCdRWACJrlk6n4lx3DVCUxASJQjAzY6Z.jpg,57.1948121169
9.44001265008,-8.56448553965,3.38411721264,ANd9GcQsd2zlwcqaM8khRxlOr3MWwnKFdZWV74tamImxMkKJGM81_NEK.jpg,32.2456381848
1.29234360674,-16.0985421681,-14.6612233271,ANd9GcQsEAE3mlJ42KwN995HE3d6ZX6O_NFuq25BaPMESm0qiHk5WrwfTQ.jpg,36.8534882545
0.00415428822511,2.73168068465,-0.000297733144938,ANd9GcQsj-BdubYPClYe0UPxEJNxZaB0PHV0TsYbJVp-YSyO2TXgd0tD.jpg,54.1825324957
14.3946857555,-13.4736194439,-3.03083379144,ANd9GcQslwfto_62zMFGjxv03059kgdQLmjbij-4NvJqYvYXDzcG_NplpQ.jpg,50.408265081
14.0119454177,-22.8616758076,0.648335597018,ANd9GcQSo1V6sulSmfrse07EmrAeLEsbsHQuMZm2VVpntRZINtiTgd2t.jpg,45.4610572052
-9.97232150728,-18.8125755479,-2.95551849372,ANd9GcQSOY8p2xvEExee70w66OHQSRbeq23fOzSP89uUgXJtYVt_QMmZzg.jpg,37.4918132773
-16.2135339516,-8.01252333358,26.7983425262,ANd9GcQsrr5LReQWOppF5LTwkOyjC1k33p8HG1Bn58lDv3AmYRoSsTp1.jpg,22.8873089357
33.8445035115,0.758516635019,66.8642207251,ANd9GcQSynaKOEEaZKSa-BJCsy29KzJ_Q778btizpxrE-MOhDb5-l2rxcg.jpg,43.9026772962
-0.37681844724,-3.59580172278,-1.54165569588,ANd9GcQT-YJ3hICQNXOy8uOK7Y9lm0aObuhrfnCAHGsIVz217ZcwSn12.jpg,46.2793436227
42.04207457,-8.03687885967,33.7669253005,ANd9GcQT-z3CA-ipfbzfd9HlQJYRxjQkUvZ0U4BMtltd3HvhvW1lrotE.jpg,54.5810315676
-14.4505696838,-6.15416626562,-7.91185222451,ANd9GcQT9yhx9qwcA4xre40-Cd0tqHd8Zf9NYPlLhGLT5lSCfhC9KrH0MQ.jpg,73.761297564
17.505521349,-6.36785809793,26.1646928528,ANd9GcQtEAQ5WEY6aiaaPCPHFZk4z0NGd6oZ5Te_nZHDckoqsLlr4QKz.jpg,44.8869188957
-7.58187116564,-11.998248666,23.9176730313,ANd9GcQtFjZzNBLOpzTLyt7eWW7hTIvZQni8UbHZfJjiRXohldnMmgsN.jpg,46.333161561
0.00327031864457,-0.000274750118921,-0.000234380043526,ANd9GcQtJeBbVmmnq6My_Z22NC-bKpmkzEX46FUOmrVG-S4rqwK0gpD3.jpg,42.6533106587
6.15604424668,-11.9909302315,1.95342879586,ANd9GcQTnYY5oVmftLKjFp0CQUWrNAG1hZwVFK1-CalaNMKXwxgmSTzt-g.jpg,32.1094318556
-15.7761054135,-10.8240499026,-11.6629668753,ANd9GcQTyA2gMDH7HRgybvfEwM3ODRvsoPn8e2Br2-5QbvXxc--16VyFsg.jpg,49.2844805445
34.9843866986,-20.8682779039,-10.013466724,ANd9GcQU7uznQJcsAkO31uom7h_CRvOH5QaL_5vWhdaogGMO2a9KaO4o.jpg,40.7815850663
18.6416725413,-3.29386176464,49.2337944114,ANd9GcQUauskGV2h3m9YH2CX0VC0OvHF4jL1GdUxZ_uM5YSySjl8oWytZA.jpg,33.4585185146
-0.236458937743,-7.80564204415,34.7266325873,ANd9GcQubE2twZZ5ti1N-yG0bg094XrjmBy6vlnFul9SGe6e7b1IaMIpPA.jpg,46.1588028693
-19.6510485866,-16.7050065242,-6.66047218635,ANd9GcQUC7bjm67c0EAub42zr2BiqBQ5osakxoFZiDibqoYWUehVML52.jpg,45.6101531231
-22.2051985763,-8.34858096366,-8.69655260054,ANd9GcQuLuliiB-Udqt59YVeF5SvK3lTS-MxAgDFw05EPa4lPtRPwKx8.jpg,50.5147662425
21.829819921,-22.7916066329,-16.2130832194,ANd9GcQUPrLjuU9UhZ-CgnGu9lW7Id-uhD4XUZ1Je62MWFBgBzWZjSUc.jpg,40.7125512457
9.46326815215,-7.78009338398,3.7088599343,ANd9GcQUqgBcG0dTb1Tv56U9ElCzLi4PoKgL8fi-Ls8orEVWUIchWGNxnw.jpg,44.6628453231
-2.37220297172,-8.30894745028,-1.28470669023,ANd9GcQurG9OonPUzm6tJNxv5EhpRIty81O8lstxyIEvGyFtwbzzLUMMgA.jpg,29.2557975459
-4.60766906545,1.59970585428,-1.9202172668,ANd9GcQUsf6AbJhY_H_lU05PyzqbAH669tFNdimaoRRATbstYnhBSi4U.jpg,59.9782064102
5.36797666313,-13.2709683427,-0.828579454613,ANd9GcQuUCd0sA19K8NA2LjOuofcZMDDoS6PDr7OAeJyzMaVAQTa2-Jp.jpg,38.3055384983
17.4944861046,-7.79035365706,0.0776678015704,ANd9GcQuYG6atLonJr65opBbOkSwLNWsCXq1Aq4NUEPiDtHS-p62Dcichg.jpg,30.8289865165
-7.42960038937,-19.1381742899,29.8010519109,ANd9GcQv-LbTERdjHNvfgRT2CA3W-9HHmKmWrKR-kjNBnW8IqZ9B45I-DQ.jpg,56.8388645233
1.98744390677,-12.3103152351,10.1542593041,ANd9GcQV2VuOnacUOwUZ8vqvSL4uaLLntgTRqnPo8bjV-npkgItZXaRK.jpg,39.4425369098
4.37867803984,-15.701061571,-10.9353374279,ANd9GcQVCkSN-bkBMccPCTTriTuXTURUVZmFeHpvsuU3BS6rDH2hyIYE.jpg,45.4842180431
-37.0482335457,-11.5684171528,-12.6197297787,ANd9GcQvfKjhROG__B70sgDT-cdDULrvy0a0EEW_DQW78xDsWcWZ6azQIQ.jpg,47.9718256691
-3.09510780593,-8.39147440398,-6.47589781088,ANd9GcQVPT03Y6zK6j7ieoWduXIgqiFADBg5Ip1rU4IUJsH5WhoEMWV8.jpg,49.8039683511
9.15605766882,-8.04845847664,15.7833571239,ANd9GcQVSV4PiEMenWys7kH1QVPmpbV43zbfTdu9-hWbVfpeAxbq8XVQEw.jpg,17.6320261068
5.14584125438,-9.85091058795,-2.73232310313,ANd9GcQvVu3Dh3dVBsYc-W2Gcxt-3nBQ5DNkT3OWf3m0wmuTABpbJZWhFw.jpg,32.4736498508
-0.579498548482,-2.81667558878,-1.02659502184,ANd9GcQvythiqIChLPcZn79ZBEcgDXXfzrd7piTGqEIAKl5RBxRNDaO9.jpg,30.8357540029
-2.74409240993,-16.384956218,-4.37039717638,ANd9GcQvZ63gsA15CmBL8z3kOP7_haK0lI50-66alxPCSMucuyfT0GRG.jpg,30.7230630899
3.44062879898,-23.1143473907,18.3404793106,ANd9GcQw-bn0VuKmsAoNMZDIg8Riej90cxMyyu9n7xPgPScu4ciwUyWL.jpg,54.7049989123
7.70683950543,-11.3435144729,14.7007118295,ANd9GcQWa02JP_-LQNysjkhufzln-sL3QPj_ka__scvNWd0ibnt1EPSb6w.jpg,45.0950197386
17.0453874616,-21.9384174253,-6.1534471732,ANd9GcQwbJ1hVSQxWoEv1yS8zJEnL2ZTHJ60CVPrrtHL-_j5zwgOEw8I.jpg,51.9878888218
-7.07178676407,-27.5345036991,-12.919857826,ANd9GcQwCy8g7u_D2mpAQlB3YgZCEH4SrXC3prCQy1ZS-z0GaCOax1zJWQ.jpg,45.0319077195
-10.3672448612,-5.98951438774,19.2782332374,ANd9GcQwd7IxedqNJgL_XAfVMmljq8M0-bb_6K49SHK2bn8lbpjfocJ1FA.jpg,29.3302644555
3.23533392104,-7.5964341438,5.11156148039,ANd9GcQwEHHS9sncprX2iQCC3iDf8JGb2fDU36PsrNqYEfcAasVIA97s.jpg,64.4643964772
1.46826562101,-16.0479921834,-5.42119618569,ANd9GcQwg1qJP00NRZgDot_aghowWx1Mpy0xAkoYPtbc0SkF5tZC3xJttg.jpg,41.2534422685
12.4611745019,-4.81199462119,4.60930328129,ANd9GcQwgaehr0E0BHaMthdfrvzNFB2SYelLMFXdm53dxC8gQW8XY0Rw.jpg,37.7142079601
28.1584930094,-24.3220381678,-16.8596843421,ANd9GcQWI0-i2RVTI5VcmTrFPTCa4Gz467ceHDQ_lgLPAgLyyvm1ltFvRA.jpg,45.4254598231
12.5149564948,-11.6953320787,57.1275559231,ANd9GcQwJC007HVv01rNsCW48UdnUvvk2O9AzvyYrJaVQod06P8ll-Sv.jpg,37.5545191158
30.3784599463,-8.33701782829,5.77610459644,ANd9GcQwpC0u43nlE58ZQQxHy9OprjmXoIUCfMRiZbMh9NyWQmRe7_vroA.jpg,36.8672339582
-3.7982359579,-19.3436310367,-21.2081280165,ANd9GcQwt1PA5RMe_id68Y4FG9Dx_Ykh6MNjDvMu6VtZz6FpkOjtMl-Urw.jpg,52.0857904336
5.26275431974,-16.0924088149,-7.1616551961,ANd9GcQWToN3pzlE3BK9z45iRDwVT25eI92JbSrActsJThEHW16sLExxfw.jpg,45.8084165175
-4.86651228199,-9.3100012922,-6.12590175992,ANd9GcQWUxwnpXgEtlWq99z_yo7ANyeKPEUPR0-EpBEgFDN5sihIE4c7Bg.jpg,49.0927928576
31.2992630867,-21.4833140069,-8.79851773546,ANd9GcQX-WqxXP22kPMu6y7cL59s_AUxY9qXZzrKp6r3u1Zg_U5FlBlr.jpg,45.0524132236
4.19104865905,-11.7261999059,-7.51856073308,ANd9GcQxeO-JhNR5ZkkMdnXCTWydlaxOfyhwfvUfbbxPFm0CnzjhXuDQ.jpg,49.6583154039
-6.65984846231,-3.22852933899,-2.56076800494,ANd9GcQxft4u1BetHXVluPbror5PxaDFwvuAS1uipQ5qMWp8mXUQ7AtG.jpg,48.0817050987
-10.4455631093,-15.4396120571,-8.63106520809,ANd9GcQXFtqStFxzwh0FEAGFmptE35z_b8kJfdxnNnrkh6k5BCMpALAFwg.jpg,49.038069455
4.79609402728,-3.61037809251,23.9332581161,ANd9GcQXhO4WLHnzFBjrrXA0pCegOE6_XDXPxpcBKDJv0XeqaHPDoITxsQ.jpg,25.9390790171
20.8754909575,-16.2664447161,14.5376692338,ANd9GcQXh_q7diyH2JUHppCMxL1BkHyNIOPkRNedXPXI0UyqNYWSGIAbNg.jpg,30.1517182976
26.3933337474,-20.7527554118,-6.89604674368,ANd9GcQxl-BnvY0FcPOh6JcZTbyPFRkw0YVv6RoCGIfVAAq2XG2EBBEAUQ.jpg,36.6572338186
29.3453171031,-4.32765700447,38.193801357,ANd9GcQXlNshRcQ7WX_PrDXQw9esYY8MKy7Wmacg39HEEDp4N2FSsUWw.jpg,52.0139768706
15.2465392988,-14.9107911247,-16.108285637,ANd9GcQxn1nBFqvijvZZKAtrMrzlzSPCMW-3OXSmAR6o5B4AgjlJXrFdRw.jpg,57.9633327996
23.0074393205,-7.01756959644,-4.30891134533,ANd9GcQxQuoHOq7myFEOBYjbC5BxfsAgujMdb2_2UjZrmSzrqMLCbtOW.jpg,46.273333172
-28.1967657035,10.4099985878,-16.2679997384,ANd9GcQXtN_PXmBq_Es-OJCsSyXo9TSK4xGqg9lkFD1BcQGvi5AXIoNL8g.jpg,79.236334028
-11.6292708296,-2.90255044204,-9.5237976146,ANd9GcQxWZRF3Jk-YhHi8V-3dmryaSx-8JGpn0_UEcxvp-hQwCBvcxwX.jpg,58.3916745586
24.6232549942,-7.85257088332,0.619733178343,ANd9GcQy38SM7FPIdFOgJx-lxE6jYOZ8v9mlBvOkkCzwi37uQOFk_ECWIw.jpg,31.2541511796
3.11807796102,-8.4460262686,38.437259505,ANd9GcQy4uqZufq4TT9jM4tTHCQb47MU6PK44gaL3h-WYjvxq4HQU1yUPQ.jpg,25.3594977342
0.256465530588,-5.88125941168,34.8158049434,ANd9GcQY71eLp6Z3qb-m8QiW-urhxVeKhGpC_JFqgWDwtuM27BeMyW-w.jpg,54.2351760151
11.7853652682,-4.85153789148,27.8179235732,ANd9GcQY8AoUx82g1jiYIRYazL3BU7DhLsR0Ydy7V1Y__rQfGyu_OcRJ.jpg,29.8801001038
8.74963961495,-9.71864672599,-9.4812767377,ANd9GcQYEtPaO6uZnrUMvYrhplutoRXO_uPI_Q4ZstVpcccOfzKh4PT0.jpg,56.4390189071
-42.9244044358,-8.08217450546,21.5192388416,ANd9GcQyjcRGJits5hRypGoCs9BLBScDCm34YsPINciwlNnDod7lWuSJ.jpg,28.8163013306
-6.95073852321,-20.6348671169,-3.63174653383,ANd9GcQYJei-mpS8JRZTpEkj5HBB8pdSuCsNNNzNJ3g0uvY0aoz8ez_lZw.jpg,54.1656097301
1.82718658394,-27.0596110928,-2.73229499389,ANd9GcQyKo4Wzs8V_gMkAwxxHuElI_eu1g6EZ_eML6Gf5uXtb6i5A-fScA.jpg,45.6245308521
33.4723417015,-17.5366713949,-7.68651875544,ANd9GcQylnuigLTMUYnXCJ2eDCzc-62oGzZycBMEYu03OcqsyhFAevIjKQ.jpg,55.3259717114
4.6644610001,-8.44569007586,3.92075409998,ANd9GcQyMqF8IpoU6tJBBdmj6Y-Ue4155iY8etszSZDxfUaTXEm_Vu5v.jpg,51.2030065236
7.91082508545,-14.7882650735,-4.60212002255,ANd9GcQyMvH219WcFQKV0Jm6Zw1LxliP9crL_QsG5g8AK79kVmZ1XbbQ.jpg,54.0966898812
12.9174045946,-31.380645705,-14.1768255535,ANd9GcQypC6rhosIl4n97Gtm0Jm0G76eUP9GnW3oOf5t1YqIWrMIc5dCEQ.jpg,33.671010136
-3.32181820495,-15.7154822151,8.23262119833,ANd9GcQytuYFuMEGWjl8q2dBNlfxecBZ5wyOPNMMfqmVffrNfE1iqzmYSg.jpg,44.1612570567
21.2627160361,-21.0410425014,-26.8919058268,ANd9GcQYubbIKdP7-sidOoi0HlkrTXlyjRVoUJrpbSG4cPc4qeVAx4Sv.jpg,74.5535804174
-9.96239519886,-11.8597301106,38.8540546592,ANd9GcQYXnPhvKwOXyzG0U0XULdrnt0enuJADhuDuo1UWMFA2jV4lUu6.jpg,37.7047276547
-3.35096820468,-1.92911188591,-1.56371304625,ANd9GcQz1S4MFhnHjb74W9CaCBB4FNiwQlDVYssedl0l6R_3eByqhFs2TQ.jpg,52.7466910452
-6.31954314454,-11.9034124226,-2.98986856059,ANd9GcQZ5eZbzXBjzQakISNtmI8ZeDj8fEtttElUnsK5dBEWrXIOetP_hQ.jpg,32.8376341501
-1.20743948505,-7.17590111808,28.4209659282,ANd9GcQZ6ZKxfRN7ixcj1cwdMHJP1cSKmtpa090W8cikckkYiZAeFl8Q.jpg,27.4613388528
-21.8100714538,-0.80769357259,-9.6663647409,ANd9GcQzD-gmBj5AmxyL61MDiCLXJRIfdod4FaIhHJajiy-uAxAWmJ9V.jpg,51.0799921358
0.00568596452842,20.776746903,-0.000407506655601,ANd9GcQZLP_oAqN3rH2q2BqEGMMz866Foz8A6DW7F8FvWEh3dAv1oga4Zg.jpg,74.1595048624
-13.0888951285,-12.4363498678,-7.08845515862,ANd9GcQzqfPWK-w79rJCAmjfrg9dxh6XxH27jmXJKkrH5qCKjpPWqCLb.jpg,51.4890756917
-11.9584653803,-18.7384659231,-21.3497171986,ANd9GcQ_-V8iCfffr1zv6QqnrmuZfgwmaji37Wg86mHrmBX06OTXgJjp9g.jpg,63.4702986343
-14.5815424803,-18.9558028999,-16.8224196296,ANd9GcQ_1pq_ShKuY-P_MT9KaYP0iI5bAo3N8nEV3h87O7-16ykdX803nA.jpg,57.9561996972
-35.8920934102,3.99768114294,-10.6872656589,ANd9GcQ_MYLHdE6eNM6DwFHygumkXbQc2rymDitibdBJaEUPsJUFg39gUQ.jpg,56.2945079856
24.6955975894,-5.55128213356,36.8245301907,ANd9GcR-49EKnWR4zyEqtMUS4ceZrnCPzsLcKk-9XWKmWf2PcvR-Wcwt.jpg,51.4017199754
26.1064049207,-12.0302662623,-7.79864155571,ANd9GcR-9uJBhzFQV_v2VwDyyXDSV41agFJtPEzSmh-n7eFCNO2Sc3rv.jpg,49.612034592
0.00459655712013,8.76637582967,-0.000329430057109,ANd9GcR-ItBmuGUW0V_RN1QOc5R1SQg1FnAjwMsZGZFFiRe4T4vnju2k.jpg,59.950848866
-2.36467205445,-6.78074955596,9.97570695644,ANd9GcR04DFOem_nOZbkjwX_3BDAXtiPmF3mag5mwdlwAnZH5ceFmGoh.jpg,39.6648761579
5.0361147196,-35.8766099007,-4.97476374212,ANd9GcR0mDbuzswoRDFaDUKQQ8NSHVGXI9qpwOL935KvfdXa79PZPjlW.jpg,32.3509402463
10.8273816175,-10.1980359136,-3.83013975643,ANd9GcR0VcQuJwGzndY5vEXZRocuzdW-qv9KT73qC8KF8oWNgS_GaBJv.jpg,37.4512041043
-2.39114033702,-23.8869479273,-9.46601229371,ANd9GcR11qchLftFSnnxKvInArYrU7hNntDpChiGMx1crgEred9K4pdW.jpg,48.3996904733
-0.231629605394,-11.4748449347,-7.22837927438,ANd9GcR1detf0u2Rfm-3nBZ1czpM8xDddNf4YPYu1YL86i8hEhJeMMS0Sw.jpg,47.302048839
15.031946377,-18.1918991389,-1.80413737573,ANd9GcR1g8-5TPtS8-xtdhgISnq2CzRmZ8-KXvpYNDFXMk1EZOLWmgI7.jpg,20.4132813984
26.1205578172,-18.0808540385,-8.11264400771,ANd9GcR1JGV3uLonrDCQBkoAlWNx3hGBB628J18u0G92EqJDcRCepCWM7g.jpg,38.2596220946
32.4142788093,-15.1774507992,-6.2675537233,ANd9GcR1Kj3j52NhIyOUgPG22jjCeTHpC-WVEwMXWJZMpablYh8DUO_R.jpg,48.0313464432
-7.63845370459,-15.4058453278,-5.59930949375,ANd9GcR1UN0P6GLGyIPqAvAbvXs_rMO8FFu6qR8_3oMPO4GACRol95xK.jpg,71.6814383022
25.775862398,-3.96804730336,54.0931530259,ANd9GcR1VpkRDw_05P_-INAk9QxD7sNBKsmjH3GOx4yAnUKCfmI03PLx.jpg,30.7214672356
25.7468055931,-6.57975180548,46.2507671247,ANd9GcR1ZoGvVPetGeDhINF9g8ycjdvPYWiGSduJNTFLakwsET9Y9CJR.jpg,31.4799942695
-28.3083264853,-13.7058764411,-13.9400079614,ANd9GcR2Br797HCBU2t3D45BjoXhyia3Ix6p0gydlrUte4EXpBPlO9fwlA.jpg,60.1753894958
9.02087890208,-10.5924055058,-4.26705860236,ANd9GcR2BZ0snngDw86HEsaNEqGgL0Jn9iKyN0Y8KS3esqjuTME32kuCGg.jpg,35.515586542
2.4528433167,-17.1505990867,0.0328689032418,ANd9GcR2FCtkUDDAJSQHmIGWbf5qbmcu_gvpPfGg3oN0JOvhScZm9YqidA.jpg,47.8622018161
27.0848443997,-2.69563458589,33.2322003127,ANd9GcR2xvU0J9rTDVrcFAgtfar2iSk0ENuCgsH7KRmN9Uf6BR-S-GZujw.jpg,32.2207820005
29.0971670867,-20.9681284672,-19.1952731545,ANd9GcR2YdeFWljyAemRcTTs5xhnn5ksn5miy_EWfy74GsX3WWEmrqpVVA.jpg,35.6583277003
8.2497972938,-13.7485253259,2.28141959983,ANd9GcR3BbPwCp6S8KfumE0k55OaqOc0aWfn_aHEp38tswI1PMwLrk6o.jpg,42.7763536606
1.77248974209,-24.5018124892,-8.86251630994,ANd9GcR3CInzE63yFCPsWUdE_8AYmt32gpUxKhiforVu1HdBLjMXkjTOvA.jpg,54.3073039825
-21.4056214641,-13.2316922651,-7.84167762685,ANd9GcR3HX9zNOg_leVURJluUFFG7rc0hs9XD8EQ4B38ZhUR895lq6qv.jpg,33.9832706006
12.6769993563,-10.253601761,40.4757619101,ANd9GcR3I747ED1yQr0vRQLbgoR2XYmu9fQQk2fNi2hiscvWzsl6CkGxCA.jpg,41.9804022416
7.91402811087,-17.7808326027,-8.80284172893,ANd9GcR3kr3fEREIme9ZCsVxtMpmx77e1dwT3Se2aGxVj39da9hC54BC.jpg,50.5485114921
6.40997866016,-9.22981233249,2.82140672062,ANd9GcR3lAOyj12x1dIz84FNPos5q1lZTz1WodIl5AmyiXxdETj04V5ung.jpg,56.819543001
10.8319136223,-7.41862212589,29.2991636779,ANd9GcR3sUSFf72NfRaihSn1s8iIUHIFjISWVl6FFISgexWXThKw0N6nPA.jpg,23.6193770838
-3.85860506183,-14.6923021838,-6.62916594726,ANd9GcR3yHbYMjAcGANRu4ep_KkNYeLnQ1KTeo6Y8TTcYamC0yPmxIbr.jpg,40.2037537395
1.30042220619,-5.5394898593,-0.764594330875,ANd9GcR4BJZoY3kwsdFLwvLYBFprlUy7fc8BILfUP3DQ4rcfifRtGncFsg.jpg,23.4112406905
25.5758285809,-7.98421360236,25.9220547864,ANd9GcR4IWQcW1SjjK8fesj117_DCqwU6VXTy1-lBJ_kwiVV68Q4m9mm.jpg,41.0644859566
-22.3536938597,-21.4820527717,-14.8014725896,ANd9GcR4JQUjD9Xc0Ff-ur2ndc5B6t2OUubT__vroUH4mNulqx8Gw9WF.jpg,50.0619380555
18.2880880124,-9.34450677414,9.21560930802,ANd9GcR4QsQWoWCMRiZcN1gl5M6pJpCDTJWK7OjPw5eg1p9uDNnci3ZJ.jpg,33.9329214226
7.90617550872,-9.17617238076,-0.120464727144,ANd9GcR54UmzVsyHEnil-jh0EulldAYKVpkK1OmK-YU5RrZP64MJuK4lkA.jpg,52.8596309504
11.9012819079,-12.3098126884,1.15835053539,ANd9GcR5f2ITjjlXqjM7esu52w3uNorU7Hfh8lfi4fnpiS2aGO48rX430A.jpg,46.4054389361
33.4647088391,-3.25422261417,50.2438609539,ANd9GcR5KCzelXbbMG4AHVmmVf7CnGI2Xb0exYFC-uQKXnwo4mSNny4Aew.jpg,38.5350106403
7.66660298159,-5.14477226923,2.10515939293,ANd9GcR5kTfbURotlgKnQufnlV3JzXcU6DfP7yRmIoTjZNq2DfKLmGEpkw.jpg,55.9186051097
10.0087544022,-3.83136763189,31.9584639686,ANd9GcR5ryGyqbmf8WkJ6PRC4bQuJAkNtnEgclJWK5uZLgzZYMIWjcb9EA.jpg,30.1999309085
21.4495884177,-13.8493884335,-4.66729608617,ANd9GcR6-yF7ns3thAykuqLPccK0KssYvtIHn1FpH9I1OvK5F5C9MK7tSg.jpg,49.7607647971
-57.3624928752,-2.26043668908,-21.9821598747,ANd9GcR6UFLAnCaCTg3TljQCleldSDDqZMxBQDvFYrPnAXNAPNxaqATY.jpg,53.7264621596
-14.4575114415,-5.96159013202,19.3554343041,ANd9GcR7b1E00mp4hxZ-ytqFSUHhDPfiQVpNpj90WRD0T3X3Xc2tPNNI.jpg,36.6888868018
13.071922734,-13.3817854178,-0.657741068464,ANd9GcR7i0JXQsYtSXLGSz4HZLqy1oa7IgRyHQFVVuzGslA4PKLe1L5OaA.jpg,35.9382974671
21.4929701978,-22.3394581087,-17.49254918,ANd9GcR7O4b_2_w8qPXbDEgZqpto6DQTil3B83iHTLRSt4RTsBxLKJFnPA.jpg,62.2324975963
0.916416874457,-11.1183894127,-1.13864664072,ANd9GcR7_yIhfDd8-75PogDaIQl5o_IyCjjdtK-_k9Nleamfj_owoaYFaw.jpg,60.5329919
9.55148197283,-10.0848687386,5.56454479447,ANd9GcR80GWyP3KFXsLuhad5ty5-d7Vl4YbsvepoGq5fFu9LA8xw0FFXCQ.jpg,54.3492118037
-40.5089603433,-17.2606347171,-21.0596247803,ANd9GcR85WCguS08Hdgo2wM8BJUTfNR3m8aNIQnz3Bk5n-yfzq-oSxWK.jpg,48.8313316175
14.8899889188,-19.0432741907,-7.83392415208,ANd9GcR9f6FJ3Mz5Jc-Yqcphv5EAJJLwpi-eT2bp5HoxNf3V3XGk430W.jpg,46.0415132231
23.7415186225,-22.8116871017,52.6019583513,ANd9GcR9gBJFKLDSbaYQfHp7dKMxAToEA4OK7zrI-AADSzFNuhgxZff1.jpg,39.9943074045
-39.7097135942,-15.6340702938,14.7491796578,ANd9GcR9ICU23d-92vQ8b2wSRw7PML4oUNP-we8i6Vru_TfqJQ1-GaXO2A.jpg,41.4667716022
37.875033736,-5.11834748043,36.844780379,ANd9GcR9IwC4NBnabxJQncvYeCiwlTwJik1QrS8untHgVJKN3D4p192m.jpg,49.1933712108
2.86636469966,-9.53317916454,-0.811090700875,ANd9GcR9ntkMXdRFM9xKmfyL8KR4cLV250JBYDvg3GKRlEebvHOMSJgL.jpg,62.127757344
-1.62965864811,-2.04498156807,-0.687740366248,ANd9GcR9QpLdrv6SIg2aotDtfbX8mY8lPDXxLb3k2Lr-R4oQ-xem-6Nb.jpg,45.8863241029
5.96677254659,-8.93505210921,30.1530523045,ANd9GcR9rxu13EgmIrz9cBvHkyLiyFiJ0VNDIGfPEpsM1SfZ34jXB-XD.jpg,26.4200587121
2.63013674875,-17.5334205023,9.78572228647,ANd9GcR9S6R7tyDek8BDsEoW9pLDLWjuD8udLKlkWLQU9uHaargmDJIF.jpg,27.7116395099
-14.9728726795,-7.95854772997,-4.90716968794,ANd9GcR9VoCOrcM-2NA5dVlcn--RfTbyUW9NZb-CR4SKqHxnaDzyuGJI.jpg,51.6536885792
30.489479556,-5.1081731888,40.1420307748,ANd9GcRA2IsxQfsCnxOVDxmounLG9W2Cw3luicVlW77huch6off1qAW0JA.jpg,34.933505549
-7.3768935176,-12.8719911639,-3.23781808597,ANd9GcRAdOJMLDpXrq6Rrv0kkp2pvAUlehYoKXAH9S0o2G4FWReGyR2B.jpg,43.1745933395
-9.97358827458,-19.4591783339,-9.69012694527,ANd9GcRAE39pX-kqM3Bkru9sqoUJy-iVKFkgEFzKj6_B0zzvwpCHb3dtRg.jpg,49.655311284
30.8626210523,-1.19429766336,76.8536279947,ANd9GcRaeznx0MYpw2G7wjxH--CR6zizI1JHEdVwzVnEFZxyJKIvB02c.jpg,36.9334848449
-28.9373490286,2.29254591479,-13.6230870311,ANd9GcRafWJBBnQ-t2fB3bc3TRUlBgd-wl1cHM0jVPxDkyBoOMBQaHIhSA.jpg,43.663796283
27.1200867005,-20.863181924,-12.3667098118,ANd9GcRAGtsFhxZzkw1mh17OVnGj4Dq5h65XrtkCAQ0pm2s19bhIygv-.jpg,35.2145514202
33.6904561912,-30.1540198004,-17.9764608214,ANd9GcRAhWi0jhErjBGuPtiW8ZPe1eGK63vV9OJPERGO4NkZgxvw4sxYEQ.jpg,45.2093384615
2.70248751472,-18.3061559532,-16.8715826598,ANd9GcRAosbhIzOChT3qbnf6jxsnPOz1bJUzqpZZeHnToQ-d-JN6ikTP.jpg,43.3060764339
-38.6955801455,-28.5877662016,15.8911037255,ANd9GcRaQsFVb7kRdSTdS9i_83rMTGCXcnipy3WBWBa-1UsA_JYPYExhHw.jpg,52.2111211608
9.85032622331,-6.59582800258,24.5887563832,ANd9GcRaRe67DRoSNEmVUKdLB1WKOuYoB8f0vcexRasG6-Wc7xS6NXOf.jpg,55.2218991058
-5.90976577609,-19.035763056,-3.1348766673,ANd9GcRAW9Y2ZRUvbKqc1QKy1YBq7LfChUB_05oOPAZnBb4G1dKwXsuV.jpg,57.5424553732
16.4712157776,-30.7153917233,-12.0706919487,ANd9GcRaZp0STfVLa68EhvtfYj_AWEXgA1rcmXsveFMamYizm3lgPFWr9g.jpg,35.9952369326
40.3808194808,-7.87563845495,97.7337382758,ANd9GcRb46AFTCDUDU1mySwVje5VGeEW6WerxOFltY8tsdtX1ExKvleXKw.jpg,49.1699809209
-10.6940891574,-10.9201751818,-4.38717378518,ANd9GcRB4_bqmD7pcTZ4BuTVUFdSLFHms-kc7FZCJcJnw9eDFcHrqq5tjg.jpg,31.4362698887
45.2107319853,-16.4863731707,-7.83492075043,ANd9GcRB5srqV9w9xebsPVXqCA0_-8WtMkJZGKvtJelI-bCvMFxSNy7-Zg.jpg,49.7819026575
-17.8747612295,-21.5103589269,-10.759040745,ANd9GcRb8NpM-WDNu3Y9jxvbruIdbG0cO2k00D7R0qeWOtRj5uMinpyi.jpg,67.2319086135
23.8566587634,-24.840605852,27.2513055027,ANd9GcRBaacedfTfxlzjyPY2HK0HOJKXVMWRMzlbYt1QcyI1xoWXkpXeMQ.jpg,48.1408389341
23.4809974367,-8.43281646666,15.9766518395,ANd9GcRBc2YhsqJtDGHRz2lJwuF2AiSCpdHNqJ4GGftX0gR9_7oD41Jm.jpg,30.5370654391
-39.2131496874,10.7862968497,-10.0907827625,ANd9GcRBD-xPxUwT4AbDd6tvoiYwfndzkweqH6bkkAVwU563D4AL_9zWQg.jpg,53.0906352458
-9.84121204273,-8.00415586648,-4.71098457297,ANd9GcRbDRc8--YoYoMPOLK8q_TasAAeJjfF0dq4iSoylAmuQJSwgBqG5g.jpg,49.9516765207
8.90860340904,-12.0284629424,-2.43785407951,ANd9GcRbEIlpTp-nSMEbe5X7viJUfjs3F6SC7UH2x--vthamCgTrL43Pcg.jpg,27.9222451656
-3.59274394024,8.51800916215,-5.38859485894,ANd9GcRBgpE0OoNVIpp-BUCff3pbzFwOk-XFTUXgyOMazPGqMKY6jsm6.jpg,59.3917716717
-28.7122144564,-13.1933902846,13.3818154858,ANd9GcRbLtSBv5a54bV21_ECK_YGtS-ByKBhnbSWxHqkzIezyCsEj4aR.jpg,35.3165168719
-3.39315522522,-8.09669211683,-4.17218586196,ANd9GcRBpqh7TsGGWQoxlanO5sc2p7S2-UtRI7ux-Toupfe71klzQ3g-.jpg,61.4368369852
-4.74417695618,-19.7192864852,1.43870772534,ANd9GcRBsG6zxNj636qTC6HdtTQEMDTOmwa2SaYJfsa-izefJJGC8DGcbA.jpg,42.6278542443
-18.3799696271,-10.518554623,-8.62932365358,ANd9GcRc5T40gaTFXFPajGTERo8yP3KDa9lNo1i7isFxkU12Rn6cdiw_.jpg,55.7345942743
20.5209706617,-9.05496066588,53.5111538765,ANd9GcRcedu6k-_CbdlOp7v5HTuYn0YZ58Wv4PrujnC_BCDb0i4gw7N6Vw.jpg,40.4696962525
-16.2725862107,-7.2456998081,20.6139676202,ANd9GcRCL03eBNwRmlIVdBs6HLeZW1Yw2-GQ3_F7zjUuMHLaCxQEZr3_.jpg,47.4195447346
10.8939114004,-6.07600637334,9.94742600124,ANd9GcRCm9wT51slz6thEtX4pluaKB-hfTJ1rA2zPPOzs_zC5fy3U9lASA.jpg,43.1862140081
7.08161910457,-6.38506529627,0.703940555535,ANd9GcRCp1c4zkgi-OOchW-u-f8rL40FbwIk4sWTwhux8lJCLXMk800OIw.jpg,49.09686093
24.0907186502,-10.6363833156,59.4864702956,ANd9GcRcTIVnBszGeQc-FObGLRjxkJRVW_ZmkaSakWwUP4gZ9sME3Yy5JA.jpg,30.8061178979
13.0834284872,-5.19023010419,25.4659814291,ANd9GcRctsS1SN9Kvcp1j5iMjih4jv9JrbL5xCHMSWSW0na76Q7bQovw.jpg,36.7228847989
-7.40614789734,10.4418932733,-1.46968117614,ANd9GcRcuf5UX7wSdZVdbeIWx_MO6GMI4Hb0MWzjk0ToNkF_RrbumXgJ.jpg,52.1226763852
10.7641146528,-10.2142824242,1.3761583785,ANd9GcRc_X7W0liYW_rSzBWSgD4r7f5EDAhvCxyx-z1ydkxSbTJzzuql8Q.jpg,51.8480849597
-30.5507771563,-19.2495479843,21.0900157393,ANd9GcRD-LKS0dvt7rUKKFncchBMulsh3ZtW1bnc1_2k4G9MkRS0HpqNbQ.jpg,42.0860741752
-6.83041594254,8.96875492891,-3.42681437205,ANd9GcRd8MNs_p8ZWZZKbl76PGzgfucHleKXSqrYiYSKOCuK-T57XnClmQ.jpg,43.092092669
12.0993234654,-3.29274992818,33.9976499302,ANd9GcRD94TAbd4Pw_uLY2nleDbKnjOAoRrDpt5VxTma-XF0nZcykJJ5pg.jpg,49.559456173
0.219250769886,-14.4319656581,5.41417289955,ANd9GcRDafbJYEPQelYfrAFPNO-LW-rfuuTEf_gXlJOUCK6yco5PdX8R.jpg,44.3957738148
38.7503922736,-22.8715837427,-10.7281094841,ANd9GcRdcIVau51HxpZ8QzJPdd3-GWw7jh3YROr469VCa4kRt2RHZ3Z5.jpg,41.0093539198
10.5408218836,-16.0691243857,-6.04041514626,ANd9GcRdFgs9STdx6jCxCDy5G8FJoM5940zawU7-gjEMYkboThkzodNfSw.jpg,30.0593267929
-28.4278137583,-15.518801634,10.596805783,ANd9GcRDg9NtZddQ4uKkdvGXBL76T_JeBqoovwKqyC_t2-xcWji5_ugK.jpg,32.3504796286
-12.7904190536,-12.1763067129,-6.98220184325,ANd9GcRDmts_La47BKRph6jZvhUOjJ_6fSk_YTknr1UsgrO1-ITh5lDc.jpg,73.7886227834
-1.83954730198,-15.6196294688,-3.23346682426,ANd9GcRDQ1sSlFRscSSD155-hJL3HqKSUG6UF_r_f09CNbU_plgL8LIXKQ.jpg,46.7710172677
6.94886879486,-13.4494676645,-4.68305971944,ANd9GcRdqKcAMLjhMNaoXf9r1CZlAi3TQ7BBPapdzVVAx6j9dfcTTzEEJw.jpg,55.9667508617
-5.09951248059,-7.56717374231,41.8421271825,ANd9GcRdRsJaRC6KENpR367ZsQS1SUA6UgAxy2dB8cERdQyRRTrVjUko.jpg,37.1786166405
3.40779637058,-5.86172372129,27.2089659584,ANd9GcRdsHi_PwhUF3-9lVHHCy5COZoLwJAOYU80b1FWhC6IkwDNMbNB0A.jpg,35.2295612965
0.0120099574715,-11.4015237141,-3.94752759364,ANd9GcRdTIRkBm387QhxYiLkyg4JpfuduJxGbIbQUSG-5uA4dnKp906ytQ.jpg,44.0931995731
18.4176999341,-14.0811304084,-6.70943811201,ANd9GcRdVCZBhQCdCEvojM4dff0BM-HSWCxb2usRTmt2rYt4rAc8o9YylA.jpg,56.9634333158
-1.08867205962,11.6482670018,-0.758849771072,ANd9GcRdXca4H54CdRDnOKdDE8QP3hUxwz_hMsRhLdpq7wA9ug0LXKHCnw.jpg,66.6199900182
20.1107482787,-5.01498950463,62.5354172756,ANd9GcRdZd6pv8D7DBPRZAO9tXy-HAyGSKcZg6Ebbs7l3i5xCfgu-YSC.jpg,29.7395855577
19.5441298139,-3.80879389285,66.4396502278,ANd9GcRe1Q5IB20Ma_cYJLshlZTysKVqvD4L3DLq2eBza-LUlXfZg3K_.jpg,30.8418557763
22.0424658925,-7.78782365323,-6.16494882196,ANd9GcRe2r2vvDw9mMmABVmzGADVcONhZ9t1kAsAu5HK_bVCDETzkgAd.jpg,53.0955168529
0.00337816343242,-0.000239172394689,-0.000242109157662,ANd9GcRe5eLLC9D7Nzj9AiOa5_4cY32jt_uHqPZFipwqoluEJRH19MhMoA.jpg,44.0598822313
33.0994103137,-14.3105855829,-12.7113057545,ANd9GcRejX_N7i5o12tOlCZsfIfEV6E3vz0iyVc2IHiDEeOogwUYU229dA.jpg,37.5555883327
15.660205689,-7.04278155063,11.4935044223,ANd9GcReodbdyoPHeKQ45JKuvYy2FET9FQrOfNFL5nDTyT-dMnpE0LwN.jpg,42.8647417043
16.0835301313,-21.6378912689,-5.08375160376,ANd9GcRetEFfEBk9l66ncFP5wRTocK7O6rgCahshBUrhd7qI_zLi_M-XBA.jpg,40.8498724299
-5.05106885731,-13.6785770273,-5.16837547204,ANd9GcREw-ilf7J6V1BFMXz6HbS7oaxVjf_VPJQOiC22Ttlzhba30Xehyg.jpg,51.8188104292
1.16803738298,-16.4291986772,-3.57821157164,ANd9GcREZ8Qu_AFmSsVXdHPRPfmj6IHsR2SvUSB1OtPiHvDT0rX9KQ3i.jpg,32.3398567755
-9.88739001627,-11.0066883427,-7.61096148284,ANd9GcRFcGKznPsuC9pQ54KjgeeIMQRFnV4_CsZoISu3Txza8d06LTud.jpg,47.6056426175
8.70638354324,-15.5156418192,-9.52754828999,ANd9GcRFHSKSdDzATojnUJjjHQ0TMyRmoQH5pNYQZZ-EOykBGr-A9ZEg.jpg,49.2308528386
4.83850070772,-11.3367674354,2.67996343863,ANd9GcRfig6mcoh1MeJ6o7g2dUufbqYG8d92gZ996m429o6tQyl3T8IZ.jpg,44.623319243
-9.09513871834,-19.923852113,-12.5253363231,ANd9GcRFOoCJNb_8BKAScANNsdSUfvr8dsweZF4dDTPAd0O5wmh8oCk3Ig.jpg,60.0985036212
11.4330374897,-15.2518454834,3.57872256719,ANd9GcRfpo4o4xe_hPkK0WdwlzCJOsoTovRhM3-bNPAe1asg6JFRaFHZvA.jpg,29.3904658305
11.4002830152,4.40920424199,7.27937658244,ANd9GcRfSHu5VJSRdw-FJt0SvftyXF_adph4d8sKhYamjqlwkEzzHVCCAg.jpg,66.2281886701
-0.39498551637,-8.84577901135,-6.01632210897,ANd9GcRGcjtVNlncptuL9GMdVqaxhYmksU5o2OwN_IGiUsHXMbVK6HkHAQ.jpg,36.4347702912
-0.3011473626,21.9180801696,-0.0377395220904,ANd9GcRgdPQQJVrj2fpuNjivTrJ6AIEXuQjnCFGR23NA792KbD43deji.jpg,63.3324867043
6.7339431552,-7.46201717372,38.7250766571,ANd9GcRGhufKgBZb9mFZR-FAd6CHm4TaKH4hfE1Ur-iptzEOHl4s4MjH.jpg,42.199004767
-16.074777885,-2.14740917006,-8.60675982787,ANd9GcRgJhp5m-mUwX02FOIDM6Et00grHg3iU6ADYinBYtB0Hq5moz9h.jpg,49.0141525442
-6.51287706553,-16.3280329478,-7.66714799485,ANd9GcRGL7zNNs1QzDR3OsEagGyKf6mFRXjPLYhPclYlUO4Monq27i66.jpg,44.6578260022
14.4078017151,-17.9973101307,-2.8401889685,ANd9GcRgY4kA8zyjMezKG7Fhh8jwYO7R8YqaMEu6fORGUhIXE4dT6UCx.jpg,23.8921095724
0.00392211548212,-0.000274750118921,-0.000281093586684,ANd9GcRh-zPIgmE1LEpBCVmxXcMe_25nnpd84SYQv3Sq5uN20_nsgJBikQ.jpg,51.1544067351
-10.2595364019,-15.5273335467,-8.22322097366,ANd9GcRH9mmmfnwq02SVlwerMudrDxhnwofzMwbS_3IYr2wxtEyVMP6pfA.jpg,29.6636329974
-8.75029626565,-0.713718597988,-4.92084148213,ANd9GcRhctwqFlTW4SXNqKE8VoVHGjKMOE2HoFFtGC05hNzoVnShgeHNlw.jpg,58.0754450517
24.4749536082,-1.26871202286,61.7658631439,ANd9GcRhF0P5E1Y-F8FHhHkHJa0ec1y4fa78ywBE7Mu68NJWXMP9RbqXRg.jpg,33.9258735679
-25.5124692046,-15.7465888214,-5.57287600524,ANd9GcRHGdeJnvFvnXkH2PmzkbDzoHzdSbMuO2ks8nqmjtJVCCCF9Xl1FA.jpg,55.4659788941
23.014923417,-4.69394607338,3.88474950335,ANd9GcRhikISkbNNtw16ZtAlYh_lZWVh49RCXPxMhd82Z9rnZnwKUWv_iA.jpg,40.4246716532
12.6569771532,-9.26451614231,-4.63709782093,ANd9GcRHJf0o8Xdyd6NQiiHMSEEY38xiVSTKZNL2PAt36BTeHxhbbmRv.jpg,52.3606424921
10.6286834438,-6.07722799604,30.1924730604,ANd9GcRhL1IJeKEURBZpbP2shUQ41xrIYryPtDFsg2yKno4FawMshPGRkQ.jpg,49.3848965024
38.9926698001,-3.01900075157,54.9060926974,ANd9GcRhVFm43G7c9h5odpF7o_SK0QeGES0AbtzymuyoDJiz0AgoZdwd.jpg,48.8118162844
14.8838140841,-26.4027592754,-4.75808024123,ANd9GcRHVHvmMxZT82zcHItbj0yjK--9JhmO_1_2FE6VV1QW4OMwSi1Q.jpg,41.3092395334
36.01421106,-5.63535358147,59.0227923473,ANd9GcRHWdFeoQcQT5A4iWGdiNyKw9_WLEn6Yvjz0yjh2-4tuw6Yd9Bh.jpg,46.7118981215
2.75013643701,-10.6778242935,-0.390890508137,ANd9GcRi0IXuqH77uRcrHa6-wP2nxxRs5ZSATMfnimazqJQE-W3dz6w-Xg.jpg,55.8203293486
26.8180202333,-8.15645633715,67.1952572318,ANd9GcRia7CnAZAreMp2vebaxSdcqEReDA_gdlF1Ssd34PXBIGYCpsVFwA.jpg,36.7486190047
-34.422798923,-16.1748898306,-14.6477046432,ANd9GcRIbGO4ChyMvGCZQw3kGZAkycfwnCdO7r9zDvVx9g_iodFCoYBFdQ.jpg,63.2382205873
3.33019773879,-3.53271567567,-0.765424337872,ANd9GcRIDofyx6s0uPMUj0VWDmCLN24HUl1rvSx0knXqEIJCTjeww4Qm.jpg,16.263057659
6.74958503933,-10.7587889325,-1.04464431214,ANd9GcRIMwT4qTXrvOWamM4B7dC1TVtMusuV54k3AkzddRkJZ0SsuMCoyA.jpg,37.4718040148
6.64765949824,-30.4492348403,10.7521404102,ANd9GcRIO5XaGGaSsupcms5jLapQtaKJMFleQ3rQAspO8-zStUz7oVN3lw.jpg,29.8620977375
1.46195501666,2.73862877239,-5.76065966327,ANd9GcRiRMryUEO2v6-fny98HCqNViGiSKvY_oll2q3YdIj5bkZ0sHnA.jpg,58.8814000734
17.0379950959,-2.94212574396,46.7385517251,ANd9GcRistxZ06R89j62g3LvqXh0wEVDSR5kvGI0FVZkp0K2C-nNso3hEg.jpg,36.9773112754
-0.810585750418,-17.6388371713,-3.43425767981,ANd9GcRiVGX2-ar-hH2D8GAXCxLT_uW2pQSTLut9T-sF9ITJ6y9u3S0Vcw.jpg,45.7976452403
3.83769143936,-18.1173787939,-8.86241675501,ANd9GcRiVlVzoV7i-Qt7Wi5Rn1LoMXaEEnnkTK91erJhNbDOUUf6-7D9cg.jpg,52.1261528404
-1.10993469254,-24.8428981126,-10.8442192027,ANd9GcRiXSh4NU0wV_IJpO5drgYU3fmxUf7tPin5HVtXpGNETgBEZc2COg.jpg,38.2650452562
9.64818991992,-12.3697754731,48.2617429374,ANd9GcRJ6z8T7h9qPqIAPH0nTuN-0qsOmYDnAKunm1ThqsLZHh62KIai.jpg,42.8621730811
19.0897209297,-14.7826170834,-6.81549905877,ANd9GcRJgXOdMFRUkRirqPlnm07Q9SVokA4iormAac1gAt9pSi9_solC.jpg,53.6809343857
5.79810566775,-18.3952837276,-5.36829213773,ANd9GcRJIMgw9eENi6VKn8TRw3HWJLG5m-ukyTtaH01i8wDmnPFuvm1L6w.jpg,51.8142899848
24.2362792001,-1.96535715913,61.9624311866,ANd9GcRjPqRdP0p0ImNoS9Ey2yvUsxBVHjV4FF4KjF5vIDd1ffyDFEjgBQ.jpg,31.154653696
12.2642771052,-1.9636752768,27.6184103536,ANd9GcRJrwYqYKJaeSokzbHnmfYMKh_QLcd6Aj-Bjj15bDYIs2Ec2GCO.jpg,54.1075416041
2.7358424458,-13.7736538124,-14.1059640887,ANd9GcRjv7l4U_iDwyaGwcdLfxwWO7FaiFNeqbPN-5vHYG-oiP74nrY7vA.jpg,51.889424145
16.0123970242,-8.7842222176,0.808479150051,ANd9GcRJYlbjfn3TkSIIFJZu-V73dNGTjJr56LXyj4jwm3sobVibLkxL.jpg,63.9125904684
18.123167304,-8.8330601816,-2.4316133349,ANd9GcRk013RPmhGjm1L1PsCMtVYYjpX5mmBfXVstITIv1syWwxGkviRxg.jpg,40.098415859
-14.3221443763,-14.8409902052,19.7626579265,ANd9GcRk05mYkqARwt87BQNGJ20BNbd4fb_eaAFd1_hval70sa7P_KomMQ.jpg,20.7294691078
5.84189460208,-9.64905035788,52.3187112192,ANd9GcRk42vFH08TygmvldqZ1IEDPcHIxR_Ilcn88iTXx9PEhjGxfAre.jpg,37.3738512675
41.9688908052,-9.42278193093,51.4724307063,ANd9GcRk4hPxkcgok41sjVCGgyoscE_bYn8Pb2S6-8_Ppy7TWl9sDLHI.jpg,56.5975171147
-9.79633319305,-7.42188735198,-1.68407513383,ANd9GcRK5H9TMSepTf7PMyj5hkGia4ysBRH2yhe00OqWJroN4C6npPVr.jpg,25.8983504269
8.44468363201,-18.251666836,-5.55432634214,ANd9GcRK60zs63HEp4FdoYxIx6mp-ApbN4XWEn4liy-VBVoH400LO_ao0g.jpg,39.7033678154
5.97593885081,-6.17710416905,-1.79836998605,ANd9GcRk7I5V1FOKTUnlGyjPUGYcmnWjMHPlcXcj1YHYQiluikZ8khty.jpg,54.9326955129
8.84538939782,-6.7377142094,4.60160485208,ANd9GcRKdqeAuVVK7jz7dNNdvOOlU9ZBw5VFrqidP1wmn0o_110O_J2H.jpg,40.2729052209
-15.2223719456,-14.9260101161,-25.6472903741,ANd9GcRkeA3mg5g4XmmRqA35ueoLV56NJr7KLoiyhB63VQv9VKtQA0kN.jpg,71.7510502821
-16.240914843,-11.4109002482,-8.66946561824,ANd9GcRKffIBraoZOoC5UJdse8bNB2DmqyiG5pLIedP7tL8fEXAFDC4mCQ.jpg,39.6533045352
-7.2506835568,-15.169092311,-9.92360928414,ANd9GcRKh9cBXVQIqAthqNJG7OGYI_3cdKHfbp-4Ft3iOJNXtTvJrzee-w.jpg,41.3262323029
31.8900325471,-22.6929274904,0.162609654849,ANd9GcRKloBblC2BRcxI-nWl4ItxOAoRS-dYhEFxTy-MG8KuupePi_BB3A.jpg,37.4732113685
-12.0125105566,-2.22562647413,-6.7878058235,ANd9GcRkpkXCZQDntGrtJmiTN0dAnFEpgfLHtXGrbJfFoz3HjyZrsvRF3g.jpg,61.3269217062
27.3485661303,-1.73085053915,71.465042951,ANd9GcRkvq_jSrRFA3ZIDA2Nd_zP9VgetqlJyACwdyF8UdIVRmoPTreFZg.jpg,34.0806858969
-41.1821716928,-7.57231874243,-16.7278200577,ANd9GcRKx8R5eTCE0V-_ML7tk0A4NtFf44rTP1qphSJg_QhmytkwtORn8Q.jpg,56.6716521093
13.9450303402,-8.39299472703,-4.27223802688,ANd9GcRl01YbQMEeEWdccPqD6xddxaUA4RFV9hjwbYwb5fjMT-kD5TNM-Q.jpg,51.0509340353
-43.6462226441,-12.6550495387,-15.5165226565,ANd9GcRL7W04upsKt4IWesvk7fok69t8eCeG7lP-hDWkruqmNY8IvM2Dig.jpg,62.1637932851
8.18395807533,-0.447481118683,37.1662312898,ANd9GcRlJQOU9l0SJld0sw2foxqfpVaXf9xAvLLxIJ1yT0cUMQequxdp.jpg,44.8376232919
-1.04137606361,-19.8226454976,-10.5960310478,ANd9GcRLtyA25Mx1V_GyHmikjCxTPknDSVM2GAe4ix-nw19kSIgbUXtj.jpg,31.5376755811
10.1906196335,-7.29031230301,-2.33189883743,ANd9GcRLyviWM4QHzGg8DyoEjOaKLRQayECrNU4de27xnjOX7sA_R4PW5Q.jpg,50.342141763
3.34284909279,-27.9537972525,-7.1682469846,ANd9GcRm-t0PkztEycv-bvgC074deR5luJjLMEcgMX05d7UsSxdbGVoQeg.jpg,67.3078737994
-16.0063756023,-13.5707503525,-10.0977633055,ANd9GcRM6wBNLAu2fGcNtwhZWER9HSV5VObogHInADnPYCOAjMIkmFfWvA.jpg,35.3783292181
4.8007787344,-15.981478189,-3.45911080763,ANd9GcRMDGzn7Q6CASpoYJyFmR6Lkv-VvnaP_j6RTGdkNpwSg1Zd7Zhz1g.jpg,55.5956185967
7.99585659946,-10.8818654166,0.418895709831,ANd9GcRMFD96UFm95tw8XcPaBVarT_ziEsx12bvKROYCMeMH8wthOy3oow.jpg,46.4879087772
11.6903992913,-8.13958943655,67.1966231766,ANd9GcRmGhuHn7UQfIpL0Q8mdNb_L1pNH1NgSIKnT-3ypcTGvAfvlB7C.jpg,26.7092460659
-24.1523298764,7.00854789999,-7.42940496248,ANd9GcRmMeb2V-u6PQYXC_JrUIXPr-z1FAmOZQqopzc7plbiqHvEaiP-0w.jpg,66.9026479218
22.3650116864,-13.9162247368,-9.86050218491,ANd9GcRMS1329FcoYWKYFFptwpOwqeEcYHp6ZyjJ71VfBrpFjFz4TEIB.jpg,33.33238414
11.9308045305,-10.7751302256,-1.0485221257,ANd9GcRN08p5G0LxBCpNKAbg6DC2AEYDoh0vhm6tPUzTcGNUlfOIx3Xu.jpg,36.1412806606
17.530413403,-10.4851274512,-6.1202810516,ANd9GcRN0bCmWeVn_IknigwMXNVl7wxUv8YTQnd6-3t4DTFPWVNJq186.jpg,47.9517330203
16.9299463452,-7.17400779789,26.9008284652,ANd9GcRn1a0FRSODbYAlzwMTd0VfIzbftWztX1-M38i-lwZ3hK4E2AYJ-Q.jpg,19.0921380652
-25.7795170709,-11.0725377252,16.4003101087,ANd9GcRngY_ccyx-WyzxfA4LH3F_Z66xh7FZ0EsxKZIqUUTZrN6HiaCRCA.jpg,51.451487798
21.8588142032,-7.3875481604,5.34368912327,ANd9GcRnL5jGGaGX7Dka7rBiS0HB__vIdktwTv69P1FOB2a3eZ_A7-E1.jpg,50.0337423353
13.3371815897,-9.35119453723,5.26860967657,ANd9GcRnlrFLqJ6PqoTEHTtTSgFe2PPt3iPfT9fPBm2dxY_EVubFSbHL.jpg,50.5115397229
-20.2697231802,-13.6343551362,-1.72031988391,ANd9GcRNQDDlRRerbyCVEm1-ixzePxl1WoyDlyDmCPUHjZ1IHis-L44R_Q.jpg,32.1732752335
-3.83618134365,-13.324364671,-4.84213610172,ANd9GcRNqNFV9XD8qS8ed-r0a61AUeDqZXSDL93sRqNzOWecjAVBI0czoA.jpg,50.0618883233
26.4521839336,-1.30008450233,22.0573488987,ANd9GcRNxOyKLOBSs75zwEEKlcJ2YG6cZQM5DhFAlmTtCB3dOfyq6LZB.jpg,34.7789729541
42.5344424434,-18.064932918,-14.3157106315,ANd9GcRO3L81NK3mTOAs0Z3X4ZCdIag_qhDPKA4CTR5NLpZ465HCnaCRlSHduoA.jpg,50.43347602
17.7895719528,-5.04498431478,1.37689153143,ANd9GcRo4jysKRdSVPkIKnRgUaqOoUNSRF54JG9NBiCFJODwNNG41oDirA.jpg,45.9380270969
14.3048601832,-9.20717201823,-1.84534052755,ANd9GcROAWDsg_3Sxz2hR6fPSX39Kvbqt-skVrrvdlXUEsj2mOiVJSG7BQ.jpg,47.8359339717
-0.544540179374,-14.500260276,-10.1881623368,ANd9GcRObtPifNQmDMlNJIO9H3esYEdLPYKso-oeHrhG9K_B-GS5GRk9.jpg,42.3443458085
5.23607006536,-3.6692647872,4.17860676324,ANd9GcRoC6BLv7BLL_HZhdO0ZU2axU_AuCEH5sjgLizn8WT4dqlqbl1W1A.jpg,36.0061591005
-0.97767637631,-3.07101303976,0.253280265646,ANd9GcRoiTdeKWZawX58aVdis_jclewv1VERkbbPhAQ0jUcjH_Uj2FFbww.jpg,40.4142122969
-18.9333102268,-22.7777584054,-18.2169351928,ANd9GcRoKWQl2yL_IZzfkdOpSaBL2WTv7Xczpv6gq2U3z4z5Yh7Cl4GU-A.jpg,46.9505227838
-25.4576577123,4.62545872629,-12.2565257681,ANd9GcRom0Q3KUY_NAuaVJmpsoGHkBC7xhQWSbhMYgpbkP_yeBd71NQ8.jpg,56.3491685369
-3.62103518187,12.3138241145,-2.42612651324,ANd9GcRotFD-RtZl9EY6YZex3oLJQF1PFGMC-tGXFfQJqfLR8ofJdiFP.jpg,53.8824687113
17.5279944862,-15.9222316505,-4.42080038208,ANd9GcRp6X9oclsADwUMxHUdzOFsTxHz2-PJM0qoy9CcTEjiTGzD3E-a4g.jpg,37.0298650736
-22.8629483677,-11.8073910683,-7.25594172405,ANd9GcRP9YApifU4NkShTN_1tKaigNsjKqVWmr5S7wcTRlZOMk1apVlXZw.jpg,60.7176641551
4.92516983147,-11.8528053451,6.3743976132,ANd9GcRpCzdH_pBlgP5s8yr10IDSVme2gYJe1m3S58h7vbiiEHuIsDkKug.jpg,42.0150401214
-11.5932044684,-8.67007512778,-4.37931854228,ANd9GcRPEWJeFuvmWeXlnDoWhtAa1oMSIIBkCLBNaYO2jJY3n0P1rHR6.jpg,46.080749754
8.88573475523,-7.02870675418,7.49329333374,ANd9GcRpEwztZBDgHIZI7F5cola85hK7CTjOP_1beHL2HFXgHYP3OwA5.jpg,28.3707961504
-27.6192320931,8.21764816789,-18.2800442917,ANd9GcRpGf0YIlkLuwMSZP7_TARa3haJcbuv63SvHLbFelqNoLuRfzqY3w.jpg,67.7219390982
10.8087206721,-8.34077154698,-0.786642369776,ANd9GcRPimWd7Rh16tT5QVgBaio0tuEs3ksuAzii3YOIos7leFG537PI.jpg,30.7456550731
23.0479999523,-11.1846185419,-2.38072746809,ANd9GcRPinvcLyKfPxfFFXFVfY_R_06U0a-vlF_MVeDthlH2G_CX_lk3.jpg,46.0476400666
5.56932122631,-7.17937697287,23.6757855611,ANd9GcRPQowxaXHVSyfep_8onh-Gjg6P1J5Pux6rEUe3Xuq25aeWwn82.jpg,36.7132039824
-13.6539665465,-17.9260761498,-6.12917141149,ANd9GcRPUoI5U9i-gV3zCSgZcvXAC7sMvp6t8v4_X7-GV-qZ03puuBMVNQ.jpg,29.6238920542
46.8407535153,-24.5184718222,-27.1391229857,ANd9GcRpxih1jC_P7wwqld3Bu5AOhLKadXMOctLMczdghrpZjthXXXMe8Q.jpg,61.7140698245
-33.1067242398,-14.8065133091,-17.7716429802,ANd9GcRQbE12EgjEuvVx66QnSlux4dVTv7NcfBOb3jpUt0ba96onmi2stQ.jpg,43.7225924851
-20.4111717625,-14.2948476613,-9.61789993416,ANd9GcRqciloLaaMlz4BD3NE4ECuHF1AsQMASVwGk3op3kpuoNFNkWKS8w.jpg,44.3312885318
-12.5405417478,-9.66600384097,28.777609364,ANd9GcRQgpJHwlt5gbz8BH68oPoNxhVm9qBK7Rh8eE2OIJqFyKMvGeigVg.jpg,38.9666750286
8.75235921816,-5.42574276518,16.8609089793,ANd9GcRQK8SkQW6ggqdPkeEW9WOzI2DQQefetCz6DgXeM_9ELiDnYquF.jpg,63.3001835062
7.08199415918,-7.75492437565,6.46566603889,ANd9GcRQrSkTuTrV3QJPvG2zpovMFVFmdFNo4vILMXHDSajFAmD4Leuk.jpg,46.4040845517
-37.955108809,-11.4380796941,34.0781469965,ANd9GcRQxyP9gryh1o9QPDrDu90z7W8SliPKOESuhUv59bOjigwuMHRWdQ.jpg,50.5043614813
32.5443619889,-25.5904985001,-7.11642989182,ANd9GcRQ_GTqzfPTHNVAcQgik2PQJZSM2fSvGCBwtXBli_hIcicDr6g4.jpg,42.4775559274
10.9439401193,-14.6739706233,13.5398739618,ANd9GcRrD4tJeF40-kFDCwthROLvIISDtX2JjIJRFDSTMZFb6c3s8d4l.jpg,76.1581336543
-4.46559985969,-7.33117269361,-4.46191052033,ANd9GcRreUd_tzoJ3tOH9TeLWpWJ3Ws1xOilv_aJ8rvLptkJc7Bff-DUSQ.jpg,59.4165469127
13.3469012914,-9.9301696363,-7.21035773716,ANd9GcRREX2zf3MNJrYI-5ZbZQ_TPGKxLchDRhJted7KV5qkXE4HN_hPqw.jpg,59.8626771577
-14.451993203,0.306536165441,-9.59616421512,ANd9GcRRqNkTYB2IQ7B2WYBZM7wnISJO3LtlsI_q9BjfPNHaQS6sRh68.jpg,66.8977777862
-19.691886734,6.15529889162,-5.06571692885,ANd9GcRrsYudn9XNsCnicZV11qlO6SpUqXteM9_gSoUVphdJ46puoVKBGA.jpg,64.2162009139
-0.819363277979,-11.1499298888,-13.7970547756,ANd9GcRSIwpOkGd6oGPDdm6ZHxpgOdbXxFys_077vvBBIXjpCLCpGIIyhw.jpg,50.190473343
-9.94741739159,-14.8707848607,-8.82644803129,ANd9GcRsMdT6CYcBWSX8YhxEPPLH__On0LhTeFIUe5eQUaUHXPZ5c6x2.jpg,64.6555491787
-4.63360389607,-7.01408462744,-2.71142086993,ANd9GcRsuJncfBCjKX0jLT-3SxsDkLbEcuS8Iql9rgiS2WdaMW9kIEPb7g.jpg,33.8716009214
-43.4451664532,-12.8318661042,-12.9158179762,ANd9GcRsY5hQwQf0XE26jJvP8bsYvziBa0IbV4HnshYy-UNhxP3-LEX_.jpg,47.2086609549
-10.5685290156,-11.3804429084,-6.06326207608,ANd9GcRt2-lSaF3IVpPxHyptyAJQ4XgGh-yrrUucX7gWo1dKafo5604W.jpg,68.4999619353
31.2687173939,-9.31023065293,23.4330690173,ANd9GcRt9zdvXMmhN-fEkWeEgx0r0Vxcmc5M-1KvmL9iQR9wBJYKgMIQ.jpg,46.8295189144
-7.36178070561,-15.0624252738,-5.89302366883,ANd9GcRTfbVGwktWj1ihfzPlG-4R7Q-IVUIyyIZRhoYJNzLwyQysQ54y9Q.jpg,71.5900316723
-8.74953310463,4.51418718216,-7.46748780844,ANd9GcRTkOlBV5VS5Tz8Fpq7ALoqmaSfb2JM3DsQXzBAmXrhZu6XBHsj.jpg,46.8839902261
23.1784917003,-16.8778064373,7.59460510659,ANd9GcRtZIpBKtHGFL09r5VSPe3kuGep0KKUoKnMyUcFFiF8sNct40SOzw.jpg,43.7804758764
-12.3992770487,-9.32182226676,-4.36942705977,ANd9GcRU-NkTtKnCYXCTRPsgoyQIsqQxIj4q2OMTx2aGEz-KU2LYzAOBjA.jpg,50.6969180947
5.52950353988,-4.77881062154,1.45165219108,ANd9GcRUAOFWD_-MHyndeY__UjLitKWs4edfOX5dJ9iio4Ypj5Y-UnME.jpg,36.647998054
21.2884215348,-4.6689174294,8.30136000967,ANd9GcRudGwvwxv1UF0MyGZtdWxQ1B0lskqvG8mePsJ8pDy55q_6q0lP.jpg,40.4395316325
0.00248947676505,-0.000274750118921,-0.000178417987969,ANd9GcRUHLh6TC9j49aZTK_w_WF1UR7Fl_puYAPNBFnp8ygdnlnR0PpQ9Q.jpg,32.4691375302
21.5429687269,-6.85402906753,6.63275358975,ANd9GcRuMhfwZLezC2TkRwtwh2onoAZeqm6PI77iLiLfgLNFAfsHK3w4.jpg,63.4927167933
23.9348926431,-10.3659597585,26.0883856628,ANd9GcRuVzYvkHAVB9rgmBVU4cNjUxTTVqm5g-aAgB5aNTmJmNrBpJDkCQ.jpg,50.7502767131
-10.8346618468,-3.42528348194,-6.94143816555,ANd9GcRUx3FIiAu23D4zH2gGMPmdmqCNcI8cYppESICvB0Ji1gJP1Gl-8w.jpg,50.9161277454
7.6400757748,-19.5801315204,2.78030566586,ANd9GcRuYR6GfC0lbwnbE--xE0xrIYwFIrY5O95ER95aDB65FW9PxyrOvg.jpg,47.2096825121
27.257294285,-22.3662792889,9.5758534373,ANd9GcRv0MEfgqjgkU8Btu37GgDK9b9XcckaWls0v2bE7pZkaq3suc_3.jpg,36.6059797165
16.5331210687,-6.17408611638,10.6928472186,ANd9GcRVIfduo2MPVZ_Of2Lw_pv0C1ZhmdfprIX5Eo8cFLi5L0GM_DMZ7g.jpg,31.8676651551
-8.95197225199,10.696873213,-1.52553686059,ANd9GcRvMpbcH6PsDqWeOExS7sT5FMDjICptm0hiljrly-L0TwNeCTkh7Q.jpg,53.4059530498
-33.0469391893,3.17027460548,-15.9144044033,ANd9GcRwCU34NOJGTJjTSMZeQIBN13NuMiKtXrrugMuJzy3sG43qW6nx.jpg,53.4561901429
-40.0254919622,-11.8534726284,-16.7968434615,ANd9GcRwia-pOPFLf9dEKBEU88Rlf6s9UfwGNpGnZLlbuqX-nJNfbxBFKw.jpg,49.9524685577
39.1930646344,-5.94146239839,72.5952774081,ANd9GcRwK79vbsGc2I2ytx_RUT1yUITPWncgjvkDjB-UyE3lWvCFoLzSng.jpg,48.4026346184
27.1158297277,-13.0945146067,3.87043463497,ANd9GcRWOcNaDLoalwuqhYwEJXuK6lhXhAMDD1uHDg0WhpMDI-rBnIpN.jpg,48.895142779
-14.9497049837,-17.1542241556,-25.669956796,ANd9GcRWSReylooLl2AR_j9b1JQN48JpaMWqY4lAOe0avHpGyUoUzjuL2g.jpg,71.8932581197
-1.11069689152,-15.0049389822,-3.05105537394,ANd9GcRwt8Iwkhcj3ieRMRYPQx8Hzu5y3jgqfTh-Gn_ndxGcMWTwsAVc.jpg,47.9377578908
-21.0563640345,-14.7050973675,-8.47793285795,ANd9GcRWV1mOycY_Iu6iSwaoFaBcvb1Vpmn2GqmSJl0DVPb5kmzq2lZkIA.jpg,48.4283133104
7.30282792212,-13.7615063541,1.72703388626,ANd9GcRx1ni6aLKtRQikl76R3lgVKGJ_IzvdPw_eTbdyVuh2ZoP_9aAalg.jpg,80.7220928385
18.7954593747,-4.11534420713,-6.59521720384,ANd9GcRx8MBzZDR3qOzBhS8uTO3hQAsIulithQhpQtFt7DTBbtDKFQk5GA.jpg,38.9427085222
14.0866237496,-0.442239494347,8.98750532599,ANd9GcRxJ5k9YdWKZ6dzKB6zJ5yIXl8rlCEp7zL31-RFb_gwn2_xW9uj.jpg,57.0894124672
-15.4836856267,-19.4367305057,-11.717129339,ANd9GcRxKfaAh_MBF8lujRSrUdDfrNkk7UnJn5yBrTCxkBmgfoI4Jbg5SA.jpg,61.9750865336
27.3569278551,-16.9050107596,-4.80344334298,ANd9GcRXnsg3-d_trpg6BsLVzlgX_0qqRSOcbzHTlnrTXSBDSXfnKohSJQ.jpg,31.0393231663
27.5888902344,-12.6049988365,-12.4637761874,ANd9GcRXUbT8iXVa8gEtmHRMzwQoPRxoVX6oYZ9vFxJnBHmBVNVPpVLXDg.jpg,42.8266845148
22.8899094797,-10.5724922383,-6.51394098009,ANd9GcRya6gAV0-5EdRAbgwPHSkXe8gJBVcInO5FKVTC8IeZloyjhB2aCA.jpg,32.1704630579
16.5227411679,-21.3270008925,-10.1561505254,ANd9GcRYEzwV-DS89oATmmsPaP0xH4yWM5KHBYIJbGlUabmokEwLWowa.jpg,52.8220272301
-8.16300256548,-5.59256209561,-8.88290634123,ANd9GcRYHRwMJaKjesS1MNbhNX3XTWnXRstMpSyX9Sqj5iPt7EQbMXNe.jpg,49.0701776627
-0.235587931771,-6.04483408125,14.6270956069,ANd9GcRyhsc_sltK2eCRalb4z-S3kcbVQVa7mu1ZronTu6CF0tjpfS4u.jpg,28.7508034615
22.63141783,-12.6348342002,22.5666388448,ANd9GcRyPn8zQuDdeVjclYTpPddPBY5Zq8rTRwsLrnUsRgjYaHt8_4AvcA.jpg,37.3982321413
21.2413685816,-8.29285506821,-0.978298744486,ANd9GcRZIg6Nosmg1XXZbvppBrpqfLLD6sV6_X1PBFZ5Ysw6btgETbsl.jpg,47.2408672137
21.5652816442,-15.2933534243,-11.6768468531,ANd9GcRZN8blCOZ3zFKr6pTsrb5k6coVp2CAxEnFydRNyG9iBgYgiNm9bA.jpg,33.2287962166
25.0586937746,-21.2030477457,-2.52457133286,ANd9GcRzSKm3g_XKLmXkm57o1iZFQzId6E2OmKcUo2e7KMX8S2k2seOYaw.jpg,33.2750576086
40.1060435823,-4.69111734725,69.1306665244,ANd9GcR_09vZLKNYUkOFtc1y_rkzMOpO0e6VS0QaSqDNnz0O1i5QVi3t.jpg,47.7552775598
-4.88884925223,-16.5128921729,-4.78416181357,ANd9GcR_3XRLsBq4Pmn_cQMbNzSgl5ndRftnWbNTSliHLbryDGw5_3zBhw.jpg,30.8298614002
-18.2934196237,2.91854772719,-14.7870269786,ANd9GcR_5Xnb2dhogi5uACykRMWT9fOgBfLV6-DkQLGjmikPj2qY0FTVWA.jpg,81.7681588236
-0.462314262297,-7.63529362754,2.26652435019,ANd9GcR_AgfgQdXQkYq4S9yal-xsuvrmU69cXm5nAXV4ygIYFypT9vVG.jpg,49.2685432056
32.5669555287,-3.44945251509,44.0123677171,ANd9GcR_cXp2OoLPxX7XsdB4OQjNA9xEb_QyF0FZjkEpg_uLvEq4bcBQRw.jpg,44.1870666917
7.35994083565,-12.4465910545,0.436354663327,ANd9GcR_MxfxEZtxFdJWAS_m20a05XbtmCajSZ6V0rnHSAv1U5VeNstOKQ.jpg,50.0358455563
-8.27050498521,-10.2167995001,9.27510751778,ANd9GcR_TUSVeoHQ6bFBq3K0JecGiFiAcDd5wdx792K1lWsoyRguioRv.jpg,25.2721204462
-2.66732163916,-15.2943467892,-6.99417647776,ANd9GcR_uIdd1kLusskSmpBcKiKZaKDbV5ZmsS1VGqbz8ioNsxj8wSyE.jpg,32.9950777874
